Episodes = 3571,alpha=0.01,gamma=0.99,epsilon=0.04993675381238609,epsilon_decay_rate=0.998,tau=0.125,batch=128,128relu/128relu/linear,Adam opt,Loss mse
episode_rewards,hundred_ep_reward_avgs,episode_lengths
-60.48432008662077,-208.22259570208206,67
-65.660651638397439,-205.54235673794517,108
-268.63167408781317,-204.65043067784819,102
-361.05826856493701,-197.10109366667501,132
-349.1711895876191,-201.54987947252869,83
-265.56685445286155,-202.1870795447478,154
-614.1225035690544,-206.02249663208747,156
-333.95225088378265,-185.99089446808924,79
-378.70211587445323,-184.34658064006533,76
-611.20741235150763,-171.000516687394,149
-307.82945040993138,-178.23235837045482,138
-268.65853467916929,-185.17513428344921,213
-203.657850790368,-182.81032395680805,116
-199.38505293205253,-185.70474603060185,123
-209.64859514221092,-192.08125351555117,140
-165.45634153963661,-194.74633216139358,168
-196.44446548594078,-202.02317386049199,121
-168.86522252477661,-202.1153115977896,92
-185.2396875541699,-199.43672722176311,113
-133.41885834407032,-193.52833225488135,126
-160.09626675825109,-190.94800691226607,121
-453.76531042335245,-188.53068984164136,68
-469.41417640073723,-197.22724570532009,86
-26.738966190328298,-200.07013377876291,152
-125.88701577762737,-237.55199626843032,101
-76.458833298935659,-252.71826738178919,114
-110.13650916800279,-255.39806301531848,116
-208.48473111502557,-279.81278095362325,111
-128.44073463093707,-302.01955842988798,151
-369.11692968226146,-307.77644995786454,181
-44.374536379321825,-314.57958062845103,177
-241.64490684483701,-311.75902972269171,97
-334.60944577664281,-303.28299029934641,107
-213.05465534102996,-321.00246775049692,146
-167.64748169620884,-289.96601903180488,108
-153.71400594179028,-271.83946723942717,163
-187.51004430814737,-265.73228874450325,99
-218.17064803100334,-246.08491657886151,62
-318.98227978030877,-222.72173796746188,70
-56.406452070571589,-209.82516872295491,78
-96.105979816230914,-190.0597132920737,151
-126.24877929181312,-201.47215382029367,388
-85.52188377714107,-217.6432512033667,94
-98.65001239144388,-208.8910626530207,123
-118.37711724825655,-204.82059363485118,174
-158.14482052210008,-211.26216222692099,134
-5.9611299756253402,-212.49611509391164,155
-168.91484339670527,-210.96101642502327,86
-100.72881375795868,-205.38023710979644,115
-123.97278228319885,-219.38209464596304,102
-82.005963648472672,-235.52127754776481,105
-82.136210688583105,-235.3149003943835,113
-108.01418260874374,-240.25423726259834,78
-121.28937595875395,-242.05685549900093,101
-107.98437417120545,-247.36044932107757,129
-277.4920068278999,-237.11352061608545,255
-9.198049664483591,-233.92663034330366,140
-268.76159353133124,-222.61375091437051,170
-118.89318153019488,-228.79232949491919,106
-115.51151687115197,-212.86673089904201,109
-150.06745061404595,-204.14376041739976,87
-66.215596577256406,-199.50096621999131,93
-102.43135443983854,-177.7837130545683,105
-88.754367185848679,-158.90679625381364,110
-274.33755582724916,-142.43892073939446,294
-130.26215194025866,-155.03843009405537,230
-107.18449951344624,-156.80346782544558,192
-125.81388938458193,-176.19883394944125,124
-88.040259920441983,-185.67057353358979,70
-114.14299946207983,-201.35593615721865,143
-156.93892520978747,-211.30794092889266,348
-138.92917971088821,-209.36200163377657,338
-84.46991046682075,-203.18502088438035,130
-95.253292293685803,-205.23465692559006,137
-51.416720196580783,-207.46373570763046,208
-252.60560600243628,-192.52841335354816,340
-371.8858051303327,-188.3746584404845,123
-2506.9189748374511,-178.34864533073997,102
-70.601433330488035,-160.99855404362296,94
-167.58459128067247,-138.00867640614274,63
-78.619897181267291,-129.49928020838013,79
-157.3297029760686,-124.05904906824293,144
-188.89542588032205,-118.24143868933776,192
-212.34812288814166,-126.00471745669874,89
-128.72570450583387,-124.36338119850093,89
-732.91154461675512,-125.95976635809242,79
-128.25222692138806,-126.27703724866518,59
-114.25579722421094,-130.10855704556755,149
-117.6069294143319,-143.15461824388217,70
-130.42849383272568,-159.75402137377057,58
-280.30263336772157,-163.81815100717463,145
-146.99380952794002,-156.35243568621706,84
-135.77673013319583,-153.35029078315071,55
-152.70090197554248,-145.38298475234475,64
-505.16864184698329,-152.15190784502954,72
-426.17396696481325,-154.53847574591629,70
-519.73184019694918,-143.54714743272757,53
-203.01667363218945,-156.55634702248324,82
-673.16914076056401,-152.09848364467524,73
-202.78212035458654,-155.4464335597705,79
-110.9579754072242,-154.87553197996201,138
-97.852013897934441,-174.41529563914878,93
-158.85082235315082,-176.80351191057639,115
-313.46816965703306,-196.18820371887122,92
-309.92426121704807,-210.68556595783636,110
-158.93941830600215,-202.50790668108166,71
-183.94374717146331,-222.32131210050167,92
-167.39011644185325,-229.14031782206109,84
-78.114484690310107,-225.8749522650578,75
-246.28644097466287,-208.04271174385977,59
-140.31664558685841,-194.18909302235244,89
-155.98212369093665,-181.24785426748426,109
-111.0146490116669,-204.51199101679941,133
-232.16446970523614,-203.79068802487072,104
-174.51778897119729,-195.15482744385554,80
-216.50771932840217,-206.95628551713418,89
-163.38432978092106,-184.94313877041589,90
-252.43030638621448,-156.80416090745902,70
-241.40508661893165,-142.27559708821408,121
-177.82268798991481,-145.70286880376818,103
-45.351001505219671,-152.86158728969468,81
-252.69669207252394,-152.38228249455744,75
-207.9905331439308,-129.23243531911973,104
-138.56366722542776,-120.1050128413907,88
-453.10614703628767,-118.47596456509511,60
-170.37171418433718,-118.12310974532751,146
-160.41981054576968,-128.98871925591823,137
-147.92385252455131,-145.20068655460014,102
-160.77124939221503,-155.16810069722843,95
-139.919614382303,-162.17248407155708,65
-207.58358692841173,-179.20423923842085,106
-84.404849403464368,-189.65627118715773,98
-114.07793199078985,-209.09053296307971,60
-90.068776968629464,-223.01664276371602,107
-109.71698743988746,-227.87849856763853,104
-129.75141932913743,-223.98705219870783,85
-16.728876111222746,-219.91688338161333,103
-126.85848700765823,-224.75525533047127,84
-167.2674012019643,-256.10700039396863,129
-175.08431554125571,-276.2090166374158,97
-167.22171005853204,-300.9436530708881,100
-133.70968539567528,-309.98607701804701,76
-128.05868814537644,-291.03568157998257,149
-196.93485118144605,-292.8669495115584,129
-153.62742286551321,-305.10704768659338,71
-12.476292714708691,-319.61057249503983,98
-201.64737486102717,-319.51502591863277,106
-137.14118678817354,-306.3502555870424,83
-216.44308193077677,-282.16237174482978,59
-203.25073886485939,-270.76726612032144,149
-144.21542029828407,-236.62507981497112,102
-119.59269959324806,-219.00562490238121,62
-225.87341710426466,-234.25993624266073,53
-133.82813316622298,-249.53204786782578,69
-121.62437360395047,-234.84239215650422,97
-118.80290009696158,-211.24807005753436,84
-122.02118639898097,-210.66153415269034,81
-127.77836228455971,-210.51710222514419,68
-146.49670030298708,-215.05656575152861,74
-123.37430121315424,-207.60695924803221,98
-115.61438895839704,-214.55265504842612,89
-139.10623331920274,-213.52041497173965,86
-115.83046964166049,-198.28094914341997,76
-191.78470535004925,-171.16768135375841,73
-260.34220891800368,-176.89762293973027,81
-123.80253433743681,-197.66616917206039,102
-239.2891254929975,-198.58549266314446,84
-17.752649103853685,-216.78252805580252,56
-222.03109091259066,-212.42698593943425,78
-168.40897530609431,-215.22908157606128,87
-152.44384121712878,-211.7348293463651,115
-115.57918322214174,-211.08570675377422,76
-190.91869063031925,-212.8967825190384,102
-134.80787831605892,-231.78037798561087,78
-203.57495786661977,-229.878560314521,96
-263.46387041358662,-213.4103416949705,118
-153.13779392034365,-219.04711702617558,134
-78.249371753124194,-202.70371494950908,119
-201.09254260082321,-199.17823624543323,90
-257.34712079952635,-203.31667756237806,86
-295.27281253678075,-203.72073245324154,105
-108.48481434698468,-204.00988786172394,102
-142.24572780589301,-203.32203314490366,140
-126.42820482266562,-170.33382690900385,103
-172.00477912006971,-165.41532343730299,180
-116.19706018527908,-161.18282146766259,104
-142.83679409309798,-151.52054270443944,129
-415.41528600606426,-176.49200509070616,204
-95.054766116796443,-175.6788886615908,165
-237.85592938567467,-172.31833680764041,164
-268.41910075612702,-173.04561663205249,140
-43.623829714280134,-171.05575184141776,188
-24.612842711483793,-169.3619828317685,187
-400.85899945300838,-179.55962668053016,81
-498.39682072278299,-205.88212464583751,125
-545.45796716735822,-207.47851994476298,58
-58.718836397343878,-217.09656397942754,60
-251.05478644688367,-185.06466517938003,136
-39.138356495927574,-200.21961262425077,89
-68.77935156474166,-203.52197418957209,69
19.43172718045777,-196.62469397323045,110
-18.979703375393186,-199.48828950243453,183
-85.024225545713264,-201.47475886661658,180
-34.218017858249013,-194.20642440626179,134
-232.6917958021582,-164.31327476479993,137
-470.96509841624567,-163.51275875487528,129
-314.06073566016744,-163.02681307316351,215
-208.80073493270049,-180.55374053597296,139
-250.73497588867642,-175.77651313986928,147
-822.5127103776872,-176.16275232423624,117
-110.92362056577795,-182.15797603201537,176
-271.23763248349991,-181.02507477226263,114
-598.07939167272752,-188.12688714032643,128
-238.01306591305212,-179.26831426505473,152
-165.89367689291106,-172.75926259947676,230
-215.79693303172189,-168.96914265098283,89
-252.68130044185921,-164.1341099787773,211
-273.05435342321067,-143.71388831296059,209
-105.32303689643018,-127.93142909788553,148
-291.1568504801071,-116.27206275989764,166
-148.5871571342077,-112.9810492658506,173
-204.05013233302623,-100.10003913019706,105
-278.37037508226848,-103.11714008374057,241
-292.29903579628683,-107.78165345487736,71
-75.231880680660112,-118.99067702470342,51
-201.27193611035815,-128.85770373099035,66
-122.85844481181266,-143.6459455327674,56
-75.307050904278228,-145.35957251544065,70
-157.64562455036531,-176.4937059169068,96
-111.58555330332423,-184.89481636963629,65
-122.01321577606232,-182.01161997070901,62
-152.66819886906342,-187.94924542278022,68
-149.56597349483042,-181.04943784244202,79
-74.625957197974756,-172.37610695862907,69
-100.40414057501974,-176.67884433896933,98
-132.21394361606525,-162.17663941587838,72
-140.08036689437282,-154.78897857474811,109
-272.14107167089458,-150.93793597831464,140
-177.44204124909157,-117.80511630035716,93
-186.18632466529138,-105.76181185433875,241
-125.65682106919321,-108.95607250531806,72
-219.91799985403273,-121.71130296329234,74
-404.10567346928923,-122.03585454549409,76
-137.46216262198629,-129.4809988967362,86
-213.63139739551679,-122.2591279718781,242
-334.4716074229899,-125.2014906539862,94
-51.372913696116981,-125.97474415404598,84
-66.943365382630901,-132.64877513389627,77
-97.682201582491615,-137.66094470529657,150
-283.79560494036764,-145.62716930844098,95
-378.77885493560609,-147.29363080886952,80
-150.36422174968283,-142.8435230315761,171
-177.27296738299151,-158.17433960458519,133
-36.410471491548115,-176.19836749003139,76
-189.25241667807643,-171.92111513494314,89
-229.21613333639834,-179.63194659785401,123
-196.5685882390631,-190.05509561642759,114
-93.695085935747599,-188.22159014264108,73
-225.29762510815618,-179.75433952922006,77
-79.541412711971006,-174.43408595211505,135
-272.49643601321924,-172.1339500017184,97
-154.51840252872188,-161.08984287287197,107
-219.95272224470648,-155.49066332467345,55
-171.49239337360154,-152.91092951860034,103
-344.71702028078954,-155.39526936560148,127
-304.01369532870956,-149.78292924283733,69
-181.23477319660162,-138.03230937009585,88
-287.15984719145177,-135.76249804949282,134
-394.26131217110731,-145.06506932125842,78
-158.45410530462249,-171.16110171125459,102
-105.84227962980495,-166.45329848048507,125
-274.28690103130566,-172.44438740824182,89
-227.49832767711632,-185.34097095313339,84
-67.993725259283252,-171.37700551385066,87
-327.13691532091059,-194.56974261376411,85
-224.94935504666751,-199.03796667915273,139
-290.62637690272015,-203.8911483660865,87
-113.3110217804284,-229.22953059435699,105
-120.24897240538567,-248.17180739908835,66
29.498434397448875,-238.5032615863872,133
-143.2758634430752,-242.45595927285169,87
-138.76563502374398,-254.8676889725628,96
-320.13361241921803,-253.51741133897301,120
-232.31264249332605,-269.8904913248378,122
-51.034091475055689,-273.02814042161276,69
-54.577445958718101,-276.45878489117388,111
-23.166865264733545,-270.73568630946056,86
-172.17992020596091,-253.53867989629035,95
-195.64499072041087,-231.35261031066861,109
-215.74971528727829,-225.30721386835242,121
-180.37281796821262,-227.57507623392539,154
-151.45434413204737,-242.546350279329,116
-209.6916652247628,-219.04850113668286,169
-177.52106883981526,-207.07130216533045,105
-22.766000181243072,-185.46673139229821,170
-219.18988777939356,-191.81449465701107,129
-229.22186783560602,-199.69187634065031,142
-169.38272058798418,-209.91683408723188,60
-139.32336200977579,-211.91926517155588,75
-139.7813249492917,-211.05567697861591,96
-149.88915320184009,-210.51668709550438,174
-103.07624268750115,-181.84596622406633,112
-112.39243993353401,-185.01320176627996,131
-79.301135475062409,-188.34302998108123,278
-173.18592856719388,-188.38066326333285,199
-101.74809961381378,-181.40004429516583,157
-546.44751588738632,-175.84486064264149,161
-348.23773507073787,-162.10147205411479,107
-240.64895284695717,-156.67941335083003,95
-86.522589760025383,-156.51853381281614,157
-368.96309657279011,-157.39345885830318,129
-378.65233131232242,-160.96031470520487,118
-260.82735282671223,-160.165930895587,89
-157.96831973510353,-156.4888541586871,70
-371.36680689187989,-167.01352784821154,75
-95.424801504027172,-172.76114674637446,167
-143.18519065900728,-188.43569347476188,209
-227.53958017570992,-207.31984362244862,152
-230.08553475353551,-220.0295872583954,198
-78.751626197329287,-221.85132454181399,190
-336.62661068319403,-229.78095015427689,143
-176.48589896618302,-231.21555069795318,114
-330.56395318923364,-233.90847576538326,103
-649.96712283041131,-237.78756499836993,222
-270.26135400171154,-236.91895782904817,104
-265.20992653935059,-256.7593770560531,58
-382.75404929120072,-252.19545369364511,84
-190.03238253980848,-238.17453900437278,140
-90.232036953060259,-232.07014580272477,107
-129.9116191012248,-235.14237697504538,99
-51.444433662278669,-229.2252884953183,119
-149.08411943521207,-224.693081930255,111
-74.286852187238452,-219.0175734127962,93
-109.59496994821903,-217.97561490931443,88
-133.56864914123091,-202.2299014291454,186
-140.25160290403912,-180.63900824442663,105
-110.38886076923865,-174.43740803838614,104
-383.80801601203984,-168.45054622702111,95
-51.891482196534405,-162.52295868064411,77
-276.92432548584486,-154.57426070551458,154
-361.83116327335347,-144.83392527371146,111
-553.38305299136414,-142.22556303098958,73
-706.61189271106093,-139.27652127419935,84
-629.34663822575385,-132.33393936222512,65
-580.36153145727576,-129.29191001626145,86
-555.02249754416152,-113.51605117204977,78
-420.34804468796688,-102.34963378410802,80
-464.80980770574428,153
-562.58586375813763,214
-469.94623627458634,106
-740.81043104530977,134
-115.81672715153057,237
-351.54655363061897,179
-409.93481788245663,81
-207.27434442060041,119
-1168.2677510381347,165
-354.62489719979544,101
-286.93110396077702,142
-165.76281564249734,118
-95.86596329995001,147
-116.99991467876271,58
-151.38159779285891,132
-425.55980870331729,231
-145.45102397637621,146
-146.56820981852633,99
-260.07286755160942,147
-178.77256359469294,53
-376.40523180802262,120
-396.09045508009666,151
-191.58475515985413,135
-484.39375750110202,167
-654.6650777234596,142
-220.42815638411008,108
-391.81603490069568,136
-545.5502210364599,215
-167.68395130937387,147
-587.26086865266916,75
-177.84339722606165,142
-480.19505434087813,177
-440.23956015393333,128
-498.1849127590134,159
-180.89149565840336,176
-240.55744379471696,90
-490.52716319553639,161
-369.7862803117664,165
-312.97939136919814,195
-630.10940371361755,176
-414.48416985137385,177
-395.85843751187002,115
-177.01380647819488,221
-555.31093803331112,134
-176.04205744365692,119
-212.81392485777025,173
-216.76588467855811,215
-168.97080862356862,66
-395.76890690593831,139
-177.2245327479277,261
-95.66128050388842,172
-148.02687148096689,192
-234.99564081202854,154
-388.12430425148,168
-188.4994830338712,226
-365.95567514166169,230
-147.27792427438646,391
-474.70110367257513,286
-208.35055442781356,104
-163.27537377217885,201
-77.700166232783104,255
-966.22653926018825,123
-19.519416200786964,284
-10.256624086470325,488
-149.93181188224716,133
-176.25577483459864,76
-297.20198196141968,81
-211.29512060444551,337
-190.5432684270335,115
-155.47823764024801,172
22.760394165295054,161
-299.77873215192653,64
-370.80303631521406,104
-202.18198040064217,71
-35.943929068502129,69
-210.84577483297886,217
-211.84380118214131,133
-202.04773088952817,146
-60.126575495460372,96
-167.11777417923133,167
-311.69721072033224,138
-106.9901124685593,169
-252.35008926436257,120
-415.47801365974658,80
-311.39821238762113,134
-330.70898538111715,229
-321.64279937524321,68
-532.39684415223974,231
-245.7613441662231,155
-258.65880958930018,277
-187.0711550245785,213
-411.8368118749853,94
-335.99748720927289,119
-317.71860769634941,194
-112.31223012046415,247
-347.75741783341442,229
-303.62794558608755,112
-335.47340608131668,166
-276.82484844297062,136
-249.10459632565485,111
-165.15156656658149,133
-196.61621945673483,141
-115.65661763306178,84
-98.077008713925636,145
-200.5192697131537,210
-273.47457731202235,150
-100.57669765448777,272
-150.07117566590216,180
-378.69033272586262,225
-101.11656872793695,109
-175.58569702952809,211
-227.58784402033388,118
-198.80810848273907,189
-277.74995470192368,172
-139.72848386039641,144
-159.7860401144525,111
-165.55889228772372,125
71.023378543769667,133
-86.706478397009192,97
-40.283463632379885,93
-293.56688795248868,130
-433.45581306981467,94
-443.70765354210471,150
-86.398244359134537,115
-229.11945790254717,155
-240.25123514316812,121
-273.31277747699465,152
-102.22234014074583,124
-256.2791525078909,86
-191.08418118292838,106
-305.46163600136214,76
-173.65030896537291,74
-276.96667652641855,93
-136.99109681713227,109
-124.26798341941745,94
-103.28115935681258,105
-150.91729924186407,230
-183.41285642609256,88
-104.87504642711069,121
-90.882268096631336,81
-94.18013765672697,93
-89.310325178167886,117
-233.08346504023706,88
-199.86410266066775,224
-261.31045554212403,105
-123.70278705463693,127
-129.58533617444661,57
-106.63369097027764,88
-126.96293704330459,132
10.960131344673684,115
-93.157422782599568,148
-75.266737250141745,87
-109.2688188924343,146
-76.995867271636143,136
-129.52388064976086,169
-77.839017357374985,91
-58.257938302694193,99
-142.82124396541388,138
-50.548413575987652,151
-64.192502538980705,342
-302.46621693917314,136
-89.937486127739817,165
-52.976705331447661,178
-54.521592391033494,79
-100.10393062233966,132
-370.92733457281577,147
-617.03034729696549,62
-508.05243576060417,159
-410.71963899560814,374
-51.588489337072929,266
-438.67822037754473,194
-72.937636664366863,121
-69.176769104213662,209
-340.81344382877182,119
170.97317918252566,396
-338.00466143071731,174
-217.94413270708176,330
-327.54396737343598,222
-221.08528210015729,206
-251.08324848069418,266
-436.14540956949259,177
-379.49713856099362,201
-341.15297005889295,209
-1036.7710857100935,203
-93.842116613085466,497
-251.39245163930843,318
-385.18528440125579,110
-31.49532294913412,102
-245.80530606148653,269
-292.00145578475218,111
-158.08768730753698,297
-533.57822964538946,96
-256.87426400138952,259
-227.46948938237631,94
-86.166768260650201,125
-343.02691111728655,88
-33.914996663812758,115
-236.73369907725041,91
-140.43552053931592,294
-342.67344668426904,257
-208.92787669811941,324
-74.800213396427779,100
-337.53183007584073,120
-208.98529141271661,78
-273.97518183634179,91
-175.25279565672756,142
-195.57058532117918,243
-430.79941711355821,412
-200.45497260209058,284
-246.86588369350198,376
-322.04456152894267,104
-188.48424108598471,154
-302.84198580468103,184
-212.37451460986645,71
-294.53423413962662,62
-293.50592521596104,108
-378.97237149829652,329
35.665060441461691,115
-152.21695326162543,85
-183.57395664424357,62
-217.44001147659094,96
-209.99049388404256,75
-184.68901103993187,480
-213.65767899472792,412
-189.52920336272354,58
-221.86481624877325,82
-213.70859012216741,60
-219.38241044755341,62
-129.87955865600964,99
-416.46613041941288,151
-379.80460952310045,67
22.263791493364934,197
-91.397749614765374,258
-141.46686641659153,120
68.32686536658575,178
-132.26122299229377,311
-133.43797894894306,195
12.181734696025805,147
-86.509766193205778,115
-182.62850235227882,187
-18.802671994874331,93
-303.10760128248421,101
29.649984569287447,229
-6.5345470053377426,216
-354.32261406397879,88
76.980619639191218,99
-308.0049656077548,118
-399.80085541828373,110
-443.55924229357674,187
-260.86450920103772,73
-335.39772017730229,154
-120.50069556955285,150
-333.45544465114779,273
-136.0524832991706,78
-321.49932302914078,98
-354.14200844287086,90
-316.69587997126882,55
-154.04007156441935,103
-329.83983790431364,90
-486.47554534233007,90
-148.54778227112621,311
-257.6287466616152,92
-143.43442102210949,85
-147.17394603118956,294
-285.89078445598955,91
-276.02533123947921,105
-474.71741204415736,79
-571.71699073258151,132
-255.20236280218072,128
-286.45568578281313,85
-191.71380601585949,216
-87.410566710424789,208
-14.387240950673203,216
-229.57849905026836,161
-350.29165733801199,83
-202.88386483175049,230
-371.14721556129609,155
-477.84531378801012,78
-294.85341338321643,83
-227.48247550125302,123
-561.24331873110509,107
-395.7013178420674,99
-298.23479629913879,176
3.4526115266517792,86
-313.7060045399827,255
-140.1160603474342,152
-194.78455874282383,154
-375.33570202036253,393
-501.2485306125173,172
-531.91905903658517,102
-189.26137132751762,86
-644.38271727872075,121
-451.87965644315727,107
-122.66136740459987,258
29.270643515504361,184
5.9547776200916473,278
-146.35051979137455,199
-513.48575134736893,214
-210.05398359793367,161
-206.73792472633676,194
-526.27498370745639,168
-545.77462680930773,304
-123.63018553498496,204
-324.95757972385576,266
-72.510194695324714,343
-131.6164601437016,216
-150.46409371190279,337
-115.38425032167042,155
-140.34112255020699,264
-161.43327861291851,191
-102.88916359593276,327
-404.29994381807444,313
-155.44318622622745,258
-86.200351880547345,244
-138.17826952487263,204
-341.11662383066334,162
-274.38125877090476,117
-279.46775854203037,71
-98.959737840977184,236
-51.112750409769504,147
-97.489857075976715,154
-226.11155685823778,110
-128.59825756427423,418
-137.52731363283058,143
-98.205037254804012,161
-128.87599025350653,178
-68.996160176272838,224
-93.483574702231863,232
-137.69905185119623,166
-113.0833760036664,205
-148.02141238644771,242
-2.369330216524304,276
-30.209783021491546,121
-101.19529713641218,140
-115.43351158596577,380
-360.07444010386655,81
-152.3477131336976,200
-15.64164284190305,108
-55.909822172999959,105
-85.922649436037929,136
-223.16833635748344,99
-413.31082707822173,114
-35.95086074520637,107
-48.1540801482532,435
-66.021051701039227,118
-28.023969708546645,76
-51.234246398843233,259
-69.416018503258243,304
-170.53073149909196,226
-68.962435342517921,148
-155.15903005478094,126
-72.426432352521473,65
-76.842862361855808,282
-134.28333683861359,54
-128.54255963252734,88
-116.25354512935772,179
-140.41098910982754,61
-201.37318451372266,173
-186.86030724971499,433
-170.29431519404653,58
-228.51185502787581,108
-289.19282242015038,101
-224.54780869237723,331
-90.071664374543658,152
-406.27768568968816,66
-163.41480866541852,157
-43.936997840314341,238
-147.24312879126029,200
-89.279243474693999,87
-112.29432361404065,277
-149.95385610664437,80
-53.559505603329512,121
-830.66737214767443,98
-129.78778509143729,295
-137.28823627071651,389
-81.447421984427237,253
-106.54304664095633,395
-167.77472791398543,78
-147.98113041521302,261
-156.29403479076532,328
-138.13859545794836,221
-93.950783734986459,242
-144.83412569517623,181
-63.28445287964157,89
-145.65489152678228,385
-113.33897287171649,322
-13.817951526806155,452
-107.1785509762541,365
-93.50322946129188,207
-78.486896069854325,413
-74.01061225808985,423
-59.941712557233544,87
-69.233549310289646,118
-696.32300218865373,85
-53.519596098218287,116
-74.450849901081995,99
-80.587842061997577,114
-24.629769327305794,273
-81.647841867223747,136
-62.74601290297673,73
-233.31023078715822,141
-107.4868091373352,398
13.293642684004736,171
-7.8710609425600122,211
-67.235409456857838,161
-318.26898024304001,346
28.480156947182461,331
-453.69452469214042,152
-480.63882794462319,168
-242.68605944106201,107
-269.0332714491683,89
-740.01522100355533,126
-324.22648085329405,151
-151.97159072934613,76
-67.460933857799958,306
-91.425052857955436,205
-147.46521278779863,214
-288.66167309453652,309
-176.89117552276608,223
-303.57752020879457,156
-521.89323749831783,217
-104.78355973457124,387
-255.00013185340771,177
59.038301978673516,263
-522.48857225724873,159
-447.50865135680499,119
-34.520120724994626,351
-214.45401973829854,93
-103.79600115220398,269
-259.64100594227017,51
-113.42879215016757,193
-213.77242446823004,145
-385.35870089255451,53
-603.03935321576364,105
2.4562979716447186,97
-266.360003519217,139
-285.05289651850433,283
-568.40872035903396,199
-131.62916517156316,212
-87.803481176050354,197
-416.65235904816541,200
-244.79943603024236,104
-225.82120013789142,225
-282.05809501761837,115
-206.62934904225159,195
-328.50457960667899,344
-176.93194745761514,300
-395.92233714720226,261
-283.83451712697365,281
-74.51477723786283,210
-319.98003549399959,202
-277.20894549138364,224
-315.7978917112747,169
4.0172598816437866,86
-379.27432766889541,322
-431.81276611912369,315
-310.24313218251507,86
-403.93038064065121,134
-38.799571591540008,131
-312.79326071967876,298
-170.31353328265178,108
-460.94554002621612,273
-46.67446187882841,120
-260.68422686552691,104
-300.36090902407147,195
53.427557624079896,119
-242.44781461133448,134
16.417828220914707,86
-290.06896551422011,228
-20.31539281229384,463
-250.99247344187648,415
-143.98369681108525,146
-225.38026914577267,189
-488.4005212803317,241
-194.34554998236166,326
-123.60732722248659,215
35.429357887970284,129
-184.74317830101671,84
-226.69348463808382,112
-129.9515230291548,184
97.338357060287962,90
24.606451952289564,167
-52.921549679927281,78
68.546632896491161,215
-355.93248053226068,110
-4.0359415979348228,121
-347.38671275320547,320
-77.971393493940155,113
25.678197267830537,364
-179.49856741466277,142
74.309400605962566,157
-84.618702225121353,205
65.766541178291774,491
-139.7247645938854,88
-101.83070720071152,197
-394.20733734920628,109
-242.61690371881485,416
-333.33633141615019,130
16.146638598901106,98
11.596556186417143,125
-510.93536037371365,104
-15.213518944557393,164
-91.259460748142899,131
37.340235173990308,195
84.527385690430364,167
-191.02212773393725,243
-190.52327575988576,215
-7.702013998312002,389
-266.93440238448323,303
-195.79472611615208,130
-44.70163422368185,127
-143.36010465462212,111
-200.10883658312775,209
-226.03770790712002,242
-367.25776620443941,247
-353.06728804401007,181
7.5748669964059445,155
-85.086970221350796,141
-229.35041169695867,113
-91.705500078745757,106
-46.245313803531587,138
-199.0931054851705,105
-315.38279364624452,474
-14.14031465488144,68
-130.04517696352798,133
54.270278932086569,100
-355.65799108511317,373
-115.28577796476513,155
-106.63334724676884,127
76.641572036891631,127
-150.05146048316374,93
-302.01440537264938,187
-44.700592126345299,94
-159.85177545628875,137
130.09318291706526,79
-265.08702115271677,129
-302.85565233081178,107
-97.997270017080396,93
-78.358689417074316,137
-179.28803367209059,115
-48.860649772570881,221
-183.25672783680949,109
44.44948302187592,66
-110.93981023287692,122
-119.80716813691454,69
70.97834482351368,96
184.3912686754112,183
-131.58829361028575,92
2.7844615671015163,200
-129.5518725956764,97
58.992011551143605,56
235.94267043161102,118
-130.87025032438245,152
-403.66588396636962,130
-229.67057412625269,76
-196.70759373532076,86
-102.05226819990129,62
-214.14438425374564,154
-62.33348382802594,153
-124.11010017813285,221
-197.6561582345652,153
-59.358103795001682,299
-197.08071495602309,479
-316.71671314521626,163
-220.82729441997532,197
-170.39962067092699,298
-179.99732518069541,269
96.656408475837324,183
-100.48894788261688,262
-54.403388033565335,376
-55.713210684687382,106
-104.49803108429656,107
-189.94966566994063,193
-140.74417321659533,124
-141.73423644940476,196
-163.81530173169926,284
9.7659039270867538,184
-226.42673010026965,97
211.49762799229956,142
-89.593483441477133,112
-157.3090810095627,84
-434.3080294812018,119
203.98525206215436,126
126.41014888977472,98
-281.61333863304537,169
-243.38974848389819,83
160.95560514269934,141
-209.1524422822892,103
-129.01359897665725,90
-17.020121601816115,66
-202.57335432137825,116
-264.62490586499007,94
-139.38344325289444,54
-265.65555453037882,115
-187.86467396402247,204
-198.56120915451561,185
-275.96360026245725,149
-190.19227288116772,198
-5.930083883625116,83
-235.66695472737081,113
-164.28877152115604,105
-76.670752529754068,91
-162.40870201086523,110
-139.70054280515575,183
-88.396090466067079,99
-107.36425251808105,87
-118.20214559583857,155
-130.11548393653058,135
-163.30865156016989,147
-215.73421905710623,129
-51.169921640271895,118
-35.386828570800731,325
-168.73029530263898,146
-199.51012790142511,114
-143.08010766053087,127
-231.54623754669743,81
-112.59393699499444,104
-27.573868478518122,265
-17.184763240961132,82
-593.83293859936612,130
-396.7215895366806,95
-79.485065153275855,136
-551.80580886965777,109
216.4452369322438,369
-497.07473079609434,111
-345.31695005956851,340
-80.294928194372972,190
231.80887527727427,291
-402.78580909738673,101
-156.83722992662896,272
23.457773101156221,279
-102.84476877490738,204
22.83993421713275,140
-163.72136036507845,100
-199.16582119027271,184
-168.63109993798122,90
-534.92496221740544,106
-109.04241518144332,238
-201.79677207266485,124
-155.32360099472044,434
-205.8723914620233,192
-456.13343653086162,76
-82.647556010398048,90
-332.08121795019531,162
-107.55742330138739,73
-211.9045412765397,394
-142.96372008842354,89
-146.50270704962992,369
-92.273707128596058,112
-384.46128302980014,289
-252.15661536882305,261
-164.2431947799098,164
-154.05239204211483,176
-73.493366774969374,126
-177.55352884271292,295
-232.39367932590415,218
-299.70504925025421,343
-431.66493944010341,240
-299.89208990667123,257
-267.74917257501949,205
-128.6372722188695,118
-13.799284488680897,165
-56.846641878487873,115
-284.95057068704136,100
-102.53441135864124,286
-38.447400611072318,69
-21.24147979201156,154
-58.966473430685703,166
-305.23540183325605,155
196.63705419985246,64
-53.953806117768892,137
-20.91855487952526,192
-4.2695560236366248,137
-140.83622635357747,77
-219.32123911916486,205
-42.701324657194732,109
-263.19261527117862,95
-3.2103867577719143,196
-212.03069575331847,147
-29.170792046518471,101
91.293753639626132,144
6.590755508522804,88
-42.243310239441499,56
85.518093554402455,154
-24.413353701018764,95
-135.39456833775051,63
114.69290573375598,100
100.68154788072982,259
-22.261274328057155,124
36.057158961109678,158
4.582264087259631,197
-433.06406557455335,271
26.042077827557222,220
-69.597288852935677,233
-253.00356855286256,191
-377.9511429065895,87
-360.97965948010346,70
2.7323652791302777,77
-315.80781465237703,188
47.921935652581482,135
-59.487660265026989,101
-306.69764742739392,80
-464.61563159699136,109
-352.20606078415636,133
20.038569493326584,118
94.327299047594607,53
-175.67909485584954,97
-437.73800964846203,106
-218.42773252080661,85
-44.020126121178379,110
-134.02419814589425,132
-64.016256798915862,110
-373.06290094758253,96
-124.16277104356931,92
-244.66955676619727,95
71.106643713726157,133
-142.8039802979531,96
-137.71732845933815,65
-2.174120362996689,115
-210.78077241168262,93
-82.757507467546318,95
-159.88695959253522,115
-197.26362311591822,82
-147.25440790279447,483
-219.28949657138543,329
-158.14208510355672,108
-266.4163551602328,453
-323.49930290037946,101
-341.37399406599582,213
-222.54649735246488,291
-284.15518918101475,124
-353.03044158459568,276
-132.78654993282919,266
-90.282644444261592,102
-558.03040948729949,145
-145.12737676167228,99
-242.13967026822587,422
-225.11743349149063,308
-87.736394627021014,106
-14.56175249675303,111
-208.3984173642886,106
-64.096518539282158,107
-85.910043862978412,98
-200.35506128304294,202
-261.26289545168834,116
-84.641437473183416,145
-243.46649271184634,135
-182.94297873034895,192
-390.46716454513552,132
-90.984632404811904,173
-206.86647816561123,126
-112.94547340131616,112
-264.65977854514841,93
-484.75446209585118,112
-238.62639548598892,118
-509.01090527892859,85
-102.40267390948215,147
-108.02677866654739,434
-48.809809519953262,220
53.064024986040565,59
-346.32754709358557,445
-65.009098909664175,109
17.313640747413601,62
-576.80932359012502,128
-425.12061750755578,131
-564.54332223515621,150
-566.3337848795245,95
-105.45539507299952,101
-243.36913260998256,97
-204.29704295300493,91
-144.15261089487782,134
-143.25244174204335,118
-186.48300905074137,85
-64.849609506579654,134
-133.53686020012719,70
-19.726185362635363,134
-93.280085342176577,109
-306.99882937018435,110
-64.186896405010586,113
-185.22041400158372,57
-54.219475754321905,384
-102.58639892446575,215
-81.212514060034152,138
-52.676048772242325,215
-335.73915017714438,60
-72.236020085349935,153
-337.02381768755015,77
-40.093726949904003,79
-118.76296110882951,253
-75.621591987899933,122
-99.222886630157902,101
-483.67185568400936,147
-470.21458746050075,169
-153.44179695469464,242
-715.74131536302559,202
-161.01513706503164,213
-64.16006183364604,196
-394.83557853192275,124
-211.24811118286473,99
-508.01231031143851,168
-580.02607724810719,253
-276.03170906071864,82
-286.09451256886598,112
-410.05752353346173,91
-47.271183184009132,83
-125.54271440694259,133
-364.1175271270435,182
50.752592448278868,86
88.833719394908769,113
60.461783394119905,184
111.8203979751539,105
73.674250236710762,79
-525.76150087205986,147
-189.89240146557358,100
19.91619710939387,69
52.639247116060268,182
-149.77674656093012,131
-287.97597637668042,113
-591.72639649649864,103
-577.55937549045461,84
-272.29987298996099,161
-623.11256986760895,84
-239.42663775616774,166
-543.12838643316172,75
-211.23434608159675,91
-273.51324292321806,168
-139.69408339903842,111
-127.08206419836854,225
-731.00806107113078,230
-441.38136852093595,255
-345.16214286296417,144
-384.3864391095089,131
-163.37912556375906,222
-313.55401818066923,175
-260.57325900109072,91
-156.85740374486988,255
50.07511449283615,119
-538.39242790386902,141
-51.598167992520928,113
-133.46458917905534,174
-120.60190207832005,133
-10.051774714708131,126
-177.7821611917341,124
4.382465670385514,132
15.018412249084534,126
45.102705062011438,155
13.067237795323384,186
-5.7086758979305046,106
-49.160688157776093,386
-81.536979100659991,156
-75.424902299936036,127
-102.33924335160448,153
-20.365471496136493,123
5.9792646052984253,153
-117.99612875591063,136
-37.332945466316374,162
-60.283084320013259,121
-64.579198740063759,113
-63.553593021995454,142
12.054741529037329,164
-48.215761168603223,147
6.6054372732769107,137
67.703016929840004,156
-141.63061733506268,134
-116.78003722135034,139
-137.30674534193705,124
-61.362941216197399,122
-440.61031866396337,109
-285.13718250619411,111
-82.996896226890314,128
-69.572034370664028,127
-95.543755936322214,153
82.759636739254375,143
-659.14253030494501,137
-58.615580733744665,119
-57.66999007099087,213
-84.456017167909181,96
-572.48324176687925,133
-552.51391954738938,104
-61.212471597412929,114
-713.74781631758276,150
-591.5609623776586,95
-9.1115656462126111,140
-730.85937863284767,101
-255.90869219131471,107
-65.44104434205596,122
-111.60179617950891,113
-105.00551695918847,135
-371.119478578864,142
-160.71317775557404,117
-177.34904837137751,130
-312.11189499900297,169
-223.13632425502016,81
-230.74537371881743,112
-6.0690043119409438,96
-54.827438797221632,72
-284.22942775569248,130
-76.897462074119829,166
-393.59594834097641,113
-323.52875623973972,95
-304.80494181518952,217
-312.26949372181548,130
-374.29840565272144,190
-356.49967330937483,99
-365.98913707477448,122
-258.06301419631859,78
-272.94906461757387,95
-208.08729646276134,163
-94.831392100949557,126
-315.09974201674208,101
-599.64690310639503,232
7.1721109534320959,123
51.891114020734705,95
-211.75018840086659,117
-217.84720195919343,181
-53.77986890356749,110
-62.224457135675969,240
-54.844150191788145,120
14.959705962620177,171
-25.816514854124435,97
-55.059174738276255,326
-15.474255015490428,118
-126.3740362784656,71
-61.439904992634268,92
-70.633151764348085,169
-27.935329481461935,135
9.4126847657730224,99
21.526865022639555,125
-51.698843940340836,168
-126.00270231028249,95
-79.997660127593889,163
-33.32985679399512,241
-110.01275868949399,116
-77.4007205488804,126
160.17725443313461,144
-63.895547546203993,90
-32.640197056604876,156
-83.721602280620658,79
-23.769765618242772,87
-66.902207959021325,218
-27.364833393881227,200
-40.65086723713906,117
-34.814085188668884,99
-46.362355722255202,89
-48.471300510747284,131
-78.244863845206396,115
-25.538234059948024,248
-43.29388077481336,85
-60.067871042346781,104
-41.664780665384185,72
-60.889228415987489,117
-33.271098902159068,94
-27.731710612110177,79
-180.51934225394731,135
-27.151666171152542,80
-62.638404988702277,102
-33.015152161335507,278
-188.80074913606938,88
-154.12870759122262,136
-370.757824137932,118
-40.584647977656914,110
222.83884834962328,98
-88.561533027398411,316
-272.69026288625309,117
-97.57332087212427,77
-56.516122735147981,106
-81.902095214870073,90
-205.00122752819118,145
-72.26793375511167,92
-227.76446667204164,96
-236.12357109486305,101
-174.27368409148545,161
-167.07853378649833,71
18.250543184730049,156
-28.601893236770835,68
-148.08951762325711,97
37.173198119497499,88
-142.3356668915772,124
-241.40869965317862,127
-123.01625091356381,67
-38.572300375994487,170
-82.468905814505376,140
-170.5286516850903,105
-107.68068991251539,71
-65.984907225493004,94
-27.516300577911622,288
-253.97728180330725,144
-310.83049372041097,68
-316.16780017893529,102
-148.46227853427152,141
-16.867914902184097,143
-142.63015369763727,82
-155.02862371134921,189
-163.03835014035872,85
-101.03948374685935,94
-186.84791128685521,72
-175.24246329073739,77
-39.327797804095596,109
-720.62893389562078,70
-229.71327738147238,124
-406.17841834802027,224
59.124450589081832,222
11.761282110594735,245
-410.26887174468845,114
-171.98442944979178,135
-624.1568291005093,54
-494.89607042786093,165
-82.985189972754014,68
-261.01154681586513,125
-213.96481157628881,124
-117.75576199510098,127
-208.33342504050992,201
-17.47819938094473,139
-184.25125217433401,134
-217.08241053276817,108
-192.92716912265652,92
-120.57420587246591,55
-192.92567431433872,102
-445.02558029849911,66
-377.36467265427859,136
-224.39445180978532,134
-28.651595581152378,275
-42.439766902077515,313
-53.385565485876043,91
-513.30228492316337,145
-73.642871278675855,83
-278.12419628297391,86
-358.58852288736244,135
-482.94855305643244,115
-166.61366468760093,87
-113.5211327110737,68
-160.2218995892645,73
13.744063239077775,57
-18.088326002458246,61
-116.39901514524928,101
41.772055858057627,130
-202.46974437902662,94
-78.051285982529905,68
-16.11046703265454,106
-118.07334775428336,75
2.1396839070210945,57
-135.58704043248744,82
-61.586491380820092,265
-603.35833431698529,156
-132.04737131303037,103
-186.93896299160212,76
-80.639696856643326,73
-8.1522671797584252,82
117.25902513760335,76
-120.66415770574585,90
-476.62144490783373,78
-71.678373686580599,114
-131.40673003911456,96
-75.083682441116778,106
-134.45384207121344,115
-548.03402917175208,100
-85.220754690615195,143
-116.23852309193683,96
-328.92116436427466,75
-404.47010567836946,111
-112.39137993043616,112
-437.95213063567326,97
-90.699017843795602,190
-368.11374830410733,110
-429.2430618983791,79
-97.057286141335737,112
-147.31120339011594,138
-64.872554207316568,87
-313.95958603163342,72
-142.74742313310711,87
-144.01958332098502,94
-141.28099774074113,57
-122.60546374266696,65
-1033.2972539039956,125
-260.29424438591775,99
-8.8814856995612956,76
-530.28833123478853,109
-1052.3724708601944,90
-206.85749236486296,145
-176.16902405141497,107
-214.34974030096157,82
-223.80739079394274,110
40.660979973621153,84
-230.6651227638821,101
-130.74751933070849,87
-167.78141661022482,97
-133.37614687352419,102
-107.69382048177951,80
-650.8957514201328,85
-942.81915965840369,83
-307.79432006118526,64
-315.97926751673788,104
-82.978705860960417,103
-97.691316513991907,88
-152.39841538989413,79
-122.1064711718933,84
-131.91789581241486,88
-235.38583244661874,79
-71.231813446168999,129
-224.903038888418,76
-746.88874341000769,125
-164.74877467684433,70
-347.46366446175477,117
-240.27183388258496,51
-120.6049440430526,79
-182.7983971045515,65
-247.04708327332074,87
-107.10540177062562,71
-215.588831672015,85
-392.26733658168723,78
-365.17999724675121,86
-260.62734165524239,69
-147.86162298560714,88
-174.60954227837894,114
-208.06208450278064,71
-187.59429554013198,86
-205.02525205244012,48
-169.8372771453262,74
12.376275814372079,67
-112.60016799150368,70
-164.03656316693028,61
-164.49523917246523,90
-268.52959052749719,60
-150.81570326820344,78
-163.32151390349003,84
-245.3186949044464,75
-144.47335778346911,97
-221.51596282255665,85
-224.87436041991398,224
-333.70362358583913,85
-784.1397171130119,71
-198.75735329507802,81
-138.29466691274212,63
-216.04257180858792,104
-225.35179282912418,189
-251.44378318577952,56
-157.41983723783278,75
-211.2832857851086,61
-830.73926951130841,63
-1246.89836318675,56
-382.96809749987244,88
-437.76395480112393,90
-43.437064544169104,61
-50.323036113091234,97
-106.1455097828733,62
-450.61056169470896,55
-522.08986593013742,94
-229.49012309131396,86
-164.95127447968264,92
-125.11917900980231,93
-629.86868625024397,75
-307.17588647636165,77
-571.76367035165254,76
-597.23518113764158,102
-554.11046201642489,106
-583.12498437627585,98
-493.80094259840473,67
-513.44594815376547,92
-388.85731312663813,87
-245.89306446475086,71
-252.88207360052894,72
-420.99099185838901,58
-540.40074510975342,83
-813.42174796147799,147
-419.82779479425989,426
-312.54477024368714,53
-393.50443559863322,84
-361.15425199778986,83
-635.26878288677563,52
9.5218844381130197,71
-225.68654223756261,70
-166.47179922619824,85
-177.76753487614934,62
-192.74927520333867,79
-215.8014935884554,61
-171.80983543729502,71
-272.58059332422221,51
-197.42319107931266,72
-199.06868175821495,57
-173.13721394829389,59
-26.122810324931777,216
-204.87783262139237,82
-126.93424359528639,53
-182.86101413818346,58
-203.89020078050538,77
-241.88014555851549,107
-653.93274762373255,75
-307.23707322220361,90
-341.95485150252739,93
-412.18276663014342,68
-311.3586869370132,173
-376.44025865175666,91
-271.11018642042541,139
-133.87110640829388,164
-183.11534186068548,75
-260.04973069784762,147
-291.06972483738605,227
-325.34207173810967,151
-328.63050526340771,191
-416.71822734473483,169
-858.22338798557519,84
-178.10722319292719,68
-208.12890774234535,122
-469.36066305848328,106
-398.05592350872007,134
-538.1838255832796,80
-490.87987632082996,83
-470.26427528520304,55
-478.7647767140466,63
-361.52331378984115,83
-186.09581683859628,157
-332.79263303272324,117
-208.31813388972745,72
-264.82669609711871,97
-118.97586720679621,61
-160.7519734030131,105
-117.49656544304798,88
-146.80932994353313,104
-130.58956913991619,82
-13.993489955461769,92
-121.33539209367368,123
-173.36773325662034,112
-467.62674365155863,93
-181.91241482875239,79
-190.74892330946636,52
-99.425207289853645,67
-146.0795121197483,55
-153.70798157234015,103
-45.130892641566831,100
-104.05128170178362,56
-107.07834458351367,68
-137.31295840776937,72
-216.22314631128438,67
-88.979672912380778,68
-100.63516710202809,80
-116.77540757702053,60
-207.9388994077014,70
-60.030363001016013,81
-206.18578528168621,84
-83.912692589399271,68
-210.38733872748011,61
-163.55110086410906,72
-315.05690074588472,58
-120.08598087207203,63
-174.41207555601176,72
-23.492557568743251,66
-247.62934786641034,83
17.170959015924524,116
-131.54620956526452,96
-120.26287106529031,70
-100.30587729908929,80
-74.828506691187968,59
-1035.9021156623205,76
-126.81862847065503,66
-293.93497425355821,62
-19.496713700128097,59
-93.045886279968855,91
-103.73866946540466,54
-94.492245923999207,53
-27.62961851194126,132
-94.902936551929628,99
-133.90953139206988,98
-139.88673611939396,94
-175.48576370914105,68
-114.65566424334995,72
-174.43690775114706,137
-131.09903111210437,103
-119.57318735385309,65
-402.64789040974642,109
-139.84001156842933,54
-149.8435741867832,77
-83.079136011371276,88
-143.16655833896564,100
-275.83832314966946,89
-125.61918652765175,123
-121.18972664637832,52
-119.41104828304807,80
-186.95578667425519,138
-406.30243258072335,71
-51.617088610989171,192
-516.16746016586308,64
-787.84586248366884,78
-510.62774309874118,66
-480.19996983736604,68
-980.86461950416503,105
-554.13028269985125,124
-586.5127409576603,60
-685.94705432065393,105
-85.488119295653235,88
-113.5449024436216,79
-685.53554841371363,78
-573.91005833590725,58
-527.75240369416736,88
-36.373364316133944,98
-163.0420991969832,83
-109.79161278681406,173
-171.23719823003643,123
-173.58548847384486,96
-249.3771677887066,119
-177.31010998561453,158
-157.54225801260711,106
-181.6718990704762,85
-113.2558611939377,111
-217.47696120013947,123
-174.6443884012555,52
-176.17017250870686,73
-168.99268647557267,76
-155.76421037457379,63
-118.53844736037155,90
-178.11612389932736,244
-187.862705845638,50
-151.88452026485567,52
-130.91591555016734,120
-131.91785744400599,51
-138.88374219222868,89
-268.2879500105297,54
-302.02398907082465,58
-92.460707797797994,172
-167.51303897717168,156
-163.41655695197375,320
-186.96298829201424,136
37.525506816137806,53
-224.57500606135247,188
-150.5212971685782,82
-147.73458062811599,248
-149.83348851355538,220
-136.13053561262407,254
-113.02169614110072,68
-27.116940134477261,235
-142.4908335405859,93
-138.90825245960619,63
-135.5092090417283,84
-218.64638016034723,55
-157.83555377932208,111
-233.05884957214792,99
-304.12340981952696,265
-349.79702659190002,83
-161.48563153503451,54
-192.38297167529902,245
-136.89031204904512,277
-226.14527767070416,211
-117.4344733950621,54
-181.1133216827381,262
-104.96840685568185,203
-155.23446490758141,132
-150.59602254116891,202
-107.49107247160785,126
-165.01817160669083,56
-11.091565946521854,60
-137.0573383874991,98
-152.83563928263175,50
-154.47874428259797,341
-124.75490411386721,53
-107.77600924066337,139
-208.82365252335114,376
-135.97905440670368,56
-416.4044615059924,80
-108.85682929153576,440
-177.07230265083075,299
-247.99933996881464,72
-121.36278576177,213
-140.62598955027437,109
-150.48838265560863,94
-114.81272239356134,95
-145.00396752174402,84
-14.887483251547977,97
-135.02990361122227,91
-413.51263774670747,59
-126.24533343111217,106
-121.65030922599394,100
-171.29670152607753,69
-197.59290980012184,120
-169.75662279971647,125
-35.627848101998779,102
-116.30504317800849,117
-166.73187981466248,72
-182.17188630372922,65
-162.15310307437744,54
-175.22375252509494,170
-141.16372973067206,82
-119.18615407669566,85
-164.2790702276875,144
-125.28492296344112,110
-225.12853349464359,101
-120.21662276369948,117
-194.06604252991355,97
-345.38780764613864,53
-199.77285464056899,72
-137.12342680288788,96
-509.00555227448183,56
-553.11904564312658,198
-27.013302650228397,119
-304.75070913182401,68
-172.10355645373753,69
-267.38102667508917,103
-141.04865943101757,367
-208.14519509324214,77
-751.02619556028401,206
-138.35262913608784,208
-96.301545149217688,159
-151.02609130444415,51
-104.98539901954651,117
-147.75442702712692,144
-100.16004925629058,51
-147.58885459178066,77
-621.89249374120607,53
-730.08743884119315,220
-945.93109284771333,107
-106.43734197678795,168
-26.041105479929257,139
-150.48329409054003,405
-115.84834943764858,51
-327.83314687146873,112
-565.0776372353489,62
-468.34542168414163,195
-153.37730228541366,333
-156.81284864411336,191
-152.49912376773165,127
-11.506359685454612,62
-145.16629688499023,61
-129.95635967253295,58
-190.38174491811918,132
-174.55862649631692,55
-147.84459505135419,112
15.938266893239458,55
-144.10217638414235,59
-264.01271417587031,56
-332.76319577097252,111
-235.72984124631773,87
-126.3021037561474,91
-442.06838105183311,272
-747.86005738986773,142
-676.18100151797671,262
-226.53554826663185,211
-157.35001086715988,200
-127.36671186606088,59
-135.52380452239055,120
-158.97937873024199,61
-102.66279155290034,142
-369.56209684976028,102
-87.121819450814911,80
-166.76345410003719,159
-197.56163846261006,71
-121.82090973198484,397
-172.03871759710847,79
-241.44754930089226,51
-194.01269294686404,52
-101.61260005083494,265
-215.08090953125637,84
-178.92437433761955,49
-141.88918209378281,67
-11.823486716127576,150
-129.38583557180706,66
-157.52054591225991,158
-158.50605508770661,140
-146.32810198723809,150
-113.47446859418011,72
-141.313415570953,62
-149.23811290791039,258
-161.68899593752195,142
-139.42689775225114,60
-139.17281111417134,85
-156.52559969206104,138
-160.28912594193457,58
-183.27155220095989,73
-123.02675396790116,52
-160.39785852702707,56
-147.82645221138222,86
-166.10594597100527,101
-155.6165715848731,72
-138.61279990615444,407
-165.34377649419071,91
-146.29582854756021,89
-158.37879263766251,66
-133.13032691473151,56
-131.40867967921619,106
-170.91347893817863,85
-6.7468102476699414,86
-155.62863349053575,51
-188.3476465290496,76
-196.9076781287481,102
-115.58203762095464,64
-185.64479802653952,51
-284.92487694716181,87
-1023.2312571963114,138
-556.52929079115597,54
-595.54311223774641,57
-306.83952155467296,59
-1104.6541153457874,52
-106.99138672812964,64
-319.64812996791477,72
-187.49607431071132,99
-140.04518194588883,78
-162.96537415643189,64
-102.09497844262209,72
-418.41992582101068,79
-161.66222244063709,200
-236.01817122651431,63
-178.42778368388247,63
-205.27276947453663,118
-128.06293422680795,53
-225.28665243510642,73
-144.54574218773203,89
-188.15177780195413,66
-301.86817570229078,53
-207.71215249952041,50
-220.79697722110387,240
-84.770310955267206,251
-135.97425680448282,75
-138.62075602723769,81
-208.72791169393935,64
-20.187729946967011,60
-141.58968229571866,257
-165.23335203298802,368
-125.05804319880922,60
-148.0836708903127,71
-382.69046307097136,61
-554.06992684390627,91
-412.7337918813904,83
-154.73707870119972,78
-179.23991217704616,67
-193.93952891599886,125
-276.47234082359233,299
-284.33449789144555,103
-84.188400765585968,437
-66.791648279085095,54
-197.95025393426363,61
-129.43043667003673,216
-157.60344444661212,111
-204.05292811811199,303
-144.17594509720513,82
-214.66507451562154,262
-142.65549351046013,86
-125.07196644759924,257
-147.22364342452403,81
-99.422521370464068,77
-99.854756935887607,81
-188.31613241535047,359
-159.09180187899881,418
-125.47318324034387,51
-168.06630715543568,394
-163.71870717537172,58
-120.66793784730699,299
-105.04439281733328,80
-214.44403013826775,81
-186.49329774933389,56
-134.14991649824583,101
-162.32517888584417,60
-219.40327756497126,206
-137.91644274646819,56
-159.37099222881847,212
-189.14603022386788,99
-379.54957713818663,213
-139.08164639876992,193
-185.32409320164271,56
-97.031062099329034,455
-138.91317603525195,53
-128.5123925244701,140
-8.5785990978970545,86
-121.86817763170379,53
-258.01820559657023,237
-265.65855077066783,53
-159.20497808569451,206
-140.49125859938584,83
-120.23682692576452,291
-147.62623560491028,54
-172.25738672305732,143
-125.81204184022351,52
-137.33888178236276,205
-138.87643781031625,57
-219.51626359097725,91
-174.44262246080112,52
-133.51058912870928,125
-206.08492033410857,52
-146.44047913179057,54
-119.42332737988175,185
-81.230287334729255,54
-154.89637043721555,236
-120.07274787569425,165
-162.04042325530236,134
-79.581731760118373,65
-278.00953759172364,189
-113.78746334008201,322
-118.42104242471703,271
-171.85748016289335,71
-174.26753440534347,185
-73.04076158366864,143
-2.3555885570922754,55
-162.96729398944035,66
-118.14835919246102,89
-150.76436101457122,126
-146.32654717681112,79
-179.57656865989583,454
-147.77782869330446,54
-98.238962391740031,345
-105.15887969549266,267
-80.98204604203039,143
-241.12555591612045,301
-112.60178420951439,49
-170.59796390420055,168
-143.3526528411625,283
-159.00988406549317,76
-234.82139742691876,262
-125.01708043251894,217
-124.6075579553811,191
-116.38316589771229,213
-155.16156874462951,257
-102.29848236161463,301
-195.48406634571901,217
-137.20557387202859,249
-2.6888806615578318,202
-159.45847366397567,91
-83.760826699064921,52
-148.10093778276928,83
-141.55194312396389,196
-104.26006228687831,159
-126.04970495069652,70
-145.67728714132988,57
-93.843726736496919,190
-131.07905971699739,211
-69.191644222626934,55
-162.49465972539156,137
-69.808700208267325,181
-582.07344410125017,116
-414.58316348678477,251
-1105.8181577131402,139
-491.38007165592387,54
-495.50892082990629,183
-342.25589207831393,263
-350.79862820927087,65
-355.04246720671318,85
-116.53267938291198,80
-305.94331259382648,55
-145.13106869831009,300
-127.60841824650217,160
21.962536516415852,83
-156.0450526440454,304
-167.55328661934246,242
-147.22449615734322,106
-149.95646643344119,192
-172.59708382633968,58
-145.10614957521329,267
-118.20431903777985,331
-153.26257895615257,147
-170.33788967923584,117
-130.46095294042323,176
-113.68109507248354,56
-85.874983782554239,176
-240.43937883978492,224
-113.43456259773109,255
-163.72394866996069,251
-128.79826518634871,93
-91.357351075525401,118
-313.6795227522515,176
-139.84046059561587,232
-176.01351974475199,240
-158.9186369524931,137
-137.26425299103161,56
-134.94153683686449,61
-122.30845986441582,63
-230.62903472099788,63
-127.12344993357274,97
-221.26428519698976,305
-126.61522704647211,96
-204.0024434414662,49
-132.43499362601068,115
-146.91882677944452,121
-131.8716342819813,70
-80.337510390705233,256
-132.67093871937715,84
-138.65649726394867,309
-149.58853457324574,387
-105.15199425663775,126
-89.488692070218548,75
-156.45331976927258,114
-147.46758717828232,160
-193.44990212950614,60
-89.355119505505172,50
-182.45446205458074,346
-146.55491052179735,59
-137.59755005621309,137
-85.586167700711783,51
-15.496569935007258,141
-137.77479862484242,95
-135.2167505232577,54
-218.34305644171673,183
-188.4434142189815,107
-133.18835679701209,84
-172.69244397541911,134
-153.2669035977508,90
-169.79956983705921,61
-418.35744944779873,95
-417.35003244998671,67
-310.8319447540789,67
-251.02477487879105,153
-341.4297161961108,52
-546.21761250868406,256
-544.00294130473867,106
24.633731700748953,84
-538.45685125597493,53
-1074.9376854281209,51
-507.63743640567725,58
-121.6561634254484,127
-225.18730201391608,136
-133.31211850474619,77
-159.19186097965689,125
-123.16891375197292,132
-111.72944704102017,58
-132.65367408400778,53
-151.04178544773941,122
-172.43159877309768,54
-101.29531186563551,165
-148.49724539387421,55
-128.38325068499884,136
-174.13706483730488,134
-123.15849277304348,50
-237.44073103352963,128
-405.77460002380053,103
-142.89173880518325,51
-192.46874130869497,61
-314.86460342274574,248
-151.90752369932662,134
-110.08397142402312,126
-301.13466203422422,64
-26.130445708753598,97
-144.10882577299455,182
-179.19849895135414,133
-122.37524534779627,258
-165.09876651238329,95
-143.65372211333468,72
-115.77771999665632,100
-92.146986384141712,178
-112.07313003385607,126
-256.18351643202448,83
-671.7835411146184,102
-540.93280935909456,57
-235.59201347478015,83
-242.77155269427493,103
-207.28459854164169,146
-180.39744942824484,142
-226.4258531559108,214
-129.95980578593645,52
-105.54395320788925,63
-282.26697244658089,143
-269.59961109599988,141
-231.97574142574015,344
-142.58152529429492,302
-93.49884114537906,212
-98.681453145426488,241
-215.53631174831361,97
-232.23025091560351,267
-142.68411472670616,52
-128.67432992110415,51
-166.14498391376247,236
-154.29328357909677,275
-116.00013168200954,229
-112.38545195921343,263
-76.848232332090902,172
-116.04859413856741,52
-87.536219110647963,290
-13.499299281228531,348
-143.14746390837377,461
-138.11470984430801,118
-114.38175211928205,52
-90.796847822830927,269
-365.62128569297425,243
-157.22267334717449,297
-291.01166141521247,53
-162.08328888207632,53
-108.3296556404765,292
-143.27872925605004,183
-88.527449834718112,77
-90.767809896363104,95
-136.96875151181706,158
-244.98249889386454,209
-140.87668619758125,113
-151.24007340976408,89
-135.50409359625004,198
-130.24125692197623,183
-161.68593133446498,173
-145.80231935844438,83
-128.4136728715734,134
-74.102837903813281,178
-129.70184685156843,99
-147.16688956976606,180
-133.87494007795789,168
-139.73352854863435,187
-120.55747921950251,239
-134.09143976001127,476
-157.90520103938115,123
-149.62817323769698,149
-107.20231730046841,149
-198.32443220796731,209
-129.11492891696855,179
-82.927036715781014,187
-71.528371367886123,131
-155.57094961819482,264
-127.09753851956373,230
-139.82684796465836,58
-210.33949840475782,132
-117.53341178993203,153
-116.75101160202404,99
-52.431535419524074,438
-148.24022890836608,122
-93.466866858168402,113
-171.03247231351719,117
-144.07276375245095,389
-164.82812684158458,126
-107.06839247693478,165
-162.04141949471364,275
-161.19960438423669,260
-96.310491317327532,144
-99.748969857748193,113
-178.68854956652171,228
-133.18048358928939,118
-122.94683931347068,140
-272.63258869513066,368
-118.5841157223004,104
-166.55137595662376,116
-150.57816365656214,152
-168.96233910186717,232
-171.39319779246901,111
-152.652298988594,126
-475.03474702516542,149
-545.3166347562302,162
-484.1450345216428,146
-618.17879308860984,213
-577.32622876327537,105
-134.99538009355547,128
-79.078923266789303,109
-84.831672503209205,291
24.20505661800037,153
-351.7827886029138,173
-302.94035015821498,145
-96.113857611641151,87
-214.56110748307623,304
-167.00859735732121,266
84.863469570541866,123
-345.55014169532842,68
-185.95718866485771,91
-298.23001004702166,118
-658.87794850820285,297
-344.14101099590869,196
-93.575960791242025,339
-37.57289658946442,97
-226.84883993427522,150
-220.41427690390626,125
-76.837417052689602,109
-406.09323418008597,125
-158.65459110293986,105
-78.230836757129893,107
-309.841407576942,114
-253.24836065090963,87
-108.61120955348966,150
-108.38012495922212,157
-342.12428690127911,113
-302.02210889718287,95
-293.60706351403167,140
-0.38750003586548654,118
-159.10895223422267,86
-190.4566999868124,290
-118.14885048823865,114
-193.86016831626924,72
-15.44498519409337,122
26.94826003810666,69
-188.69973815678412,92
-24.346622412141496,92
34.286886847309042,79
-176.01050518178528,119
-53.827495778802977,95
-756.51977664595415,247
-276.08270040467369,257
-127.25817383121047,93
42.778837594049094,133
-105.22450988970759,138
51.500513630095298,85
-247.41204470145149,240
-480.72844110266016,82
-53.801617033770825,85
-340.02661441769214,285
35.672192663760491,115
-39.225704627789014,88
-521.44007156332214,140
-459.31306176339058,134
95.857082482474127,117
12.416264373827628,191
-156.41543053154371,94
-35.17551712995111,59
-124.97413846456442,123
-14.335506244438116,97
-156.10917243927781,108
42.480348600578267,145
-252.05054385339088,55
55.977652920515538,167
-135.36217847278874,92
-179.67363050922725,122
58.389443548917114,118
30.09026853098197,113
66.646525511797265,377
41.592963289358607,182
-114.42892537806264,102
-174.03697964798766,63
-1.2041920045896932,192
-144.22925862990121,153
-68.724274646714335,93
-169.89518334240577,202
-325.04495241800703,150
-228.85379771859525,150
-68.634463269745652,112
60.938894443610671,143
-139.59967159094367,140
41.001626153772889,100
-133.42029924613615,287
63.23478027951667,279
-139.08780475921026,173
70.429441857076057,149
-142.31475079053115,275
73.750707976527281,131
-46.606031168666945,174
-190.48714805592456,208
-139.40284598933471,95
-140.76303185746426,94
-119.25616569360176,240
-378.92905668114486,106
-179.46679376336388,202
-151.68251831175508,250
-68.098299942632792,140
-146.20954407512593,71
-149.5924486248453,377
-139.45177425322936,110
75.030676617623513,261
-279.56767857214209,145
-127.16250498071658,139
-118.26209351553456,69
-162.83451552819892,135
-24.054552852575156,201
-54.839317519871841,133
-135.95901277148124,74
-60.489433761625847,85
146.53034487735059,67
-283.11712169288273,273
-110.41162399382202,280
-124.57485004139805,119
-140.52073815902327,107
-137.35770561231431,89
-58.111051079786222,254
-46.707866391069501,98
20.271082746189478,64
-60.958841859276539,311
-19.267025691697327,248
-78.560445658426886,472
-18.508659274142815,134
-256.70570848418532,157
-39.474966436089872,161
-135.7453350375699,182
-121.56798530151673,96
-383.82638929523188,127
-134.70804166455571,253
-150.60928911144174,116
-416.04283147180092,81
-64.941192609647075,235
-12.042710657840573,239
-4.0384589327800029,130
-64.08338139952437,153
3.0958816904474133,104
255.23462120300982,295
118.30051549059034,124
-198.79157588887409,472
-136.9698428641355,304
-128.37540870351685,251
-47.31904339022887,236
-151.73048444674527,423
10.301091367009221,132
7.4004083877734246,112
-335.43366555728039,103
-473.32106114955678,388
-623.51414191531978,111
-37.785886522570607,238
-142.92829877171192,106
-113.61889473408817,158
-49.577471087203179,187
-111.40315946538828,76
-14.754270292634487,92
-57.280705307089178,92
-98.110075196323436,112
-46.823989304318602,330
-418.01385365336228,114
-132.95857668733311,81
-114.8043711211867,88
-378.41742917612817,158
-94.355753203131755,121
-78.318703655280245,211
-127.52258217307985,157
-24.745677913206748,107
-29.91355519345575,85
-26.045728356032754,227
-96.37198953450752,118
-143.58836532482877,115
-180.06755908990661,128
-90.474601708394943,120
-257.7959011552918,102
-355.15382730686463,134
-142.65103475184355,208
-150.84884677256611,157
-138.59315098991232,257
-225.12443989320471,92
-142.3592609533095,88
-76.669375151450538,103
-108.56032548374283,88
-185.05976547841459,90
-357.01208958651631,115
-429.71461169085961,89
-302.8277928342614,103
-197.24323883208874,229
-144.88870154253036,100
-229.64989113137429,73
-882.41707718411078,68
-119.69537146595644,90
-174.49701776001058,78
-155.1269459084894,84
-73.623503704344728,96
-132.49707276849443,87
-209.5099448221012,118
-67.421502091913055,77
-138.62685555008079,110
-20.616042186418099,121
-46.665478575728962,87
-104.8234312765189,175
-57.246479476614525,155
-599.85682752517323,104
25.452901583466229,167
-216.78266329975975,126
-461.20440486317631,111
-96.12335968465338,97
10.12678167839907,86
-172.20711526260712,147
-435.77376792425224,106
-1035.4476957426009,77
-430.54872224682009,103
-600.10955098604973,75
-485.65141136815629,88
-555.01823097406589,89
-129.37980749807491,119
-207.41599662242405,103
-359.22409373141079,125
-151.1421650202301,80
-124.00806856851418,186
-95.915083070084521,74
-254.62087696643044,148
2.6713634170043719,67
-119.53018311417364,82
-367.492955166716,180
-152.30133799953836,68
-14.97460451659232,90
-395.32325322999287,78
-224.82248734740483,61
-39.684201407951008,492
10.373281455127467,129
-276.55879441144162,165
-16.578499348258891,157
-307.96870215592105,195
11.229605322644332,71
36.508284974195263,117
28.14720552326656,123
-128.08824144952877,85
-481.25392951938392,106
-13.276200021434761,129
25.460065991469538,104
-400.34871165005637,147
-227.31379384740671,83
-123.87714810508419,101
201.40477210957579,99
162.33511091472417,130
50.857903428037545,107
0.48175343491590183,111
-153.84523039010222,114
-352.0217602099666,100
-83.126446885834966,97
-219.30508562239083,81
-163.29086292299826,94
-176.83944790657043,101
29.108634706590077,107
5.7358745776927833,76
-91.853111855499805,152
-63.77251653535928,154
11.515670837900501,169
35.891831162495023,87
-96.971448837394135,147
-46.676456038186544,435
-31.252246291412291,83
28.368633740466638,97
-147.65835938337042,73
-17.924966174563771,84
-350.79309357651584,126
-159.21543992129261,67
-6.7530991071654158,114
-363.1813454887054,72
14.27416941561205,98
-89.993037536169368,364
-150.07176616773933,220
-80.413114864577821,100
-390.74138653727471,75
-451.19173772329776,155
-99.795220437741946,110
-237.00030740497562,140
-5.8438672913127503,111
22.279834149995608,119
-131.0847282056871,64
70.031335980972329,89
-12.170007866771229,137
27.126377567601541,96
-123.6412086799362,98
-98.80198604273815,129
-177.44460873229826,231
-34.825186104622546,104
-168.55259968330984,112
-223.97069613691639,93
-123.16766190549089,72
184.02733454721914,75
-59.20491805185214,92
-57.558440465041564,73
-492.56295721612696,120
-485.74990048218331,130
-118.81765550814757,142
-516.75716254147562,209
-9.2551316938137234,91
-416.30941003976233,58
33.848690517669979,74
-95.07618547016051,124
25.227727367110617,75
-76.718229040567167,101
29.998286627860125,75
34.624579188489356,69
-312.26968853392123,131
200.31106262678864,78
-447.54587396838622,109
-52.336202399378777,75
-223.83226425732622,124
249.12187191911596,110
-318.00357103278498,124
47.562473899260766,318
52.588141269887672,127
-38.839316179660713,133
-85.877234090651598,236
-62.151813577240631,68
27.008621011117583,85
-142.06147737319773,118
-96.846799808362377,129
1.3647035252206194,218
11.199262217860351,122
-116.76176378786614,69
-124.28201093215898,432
-22.144524701627006,404
-99.973148814419389,172
-123.84221602220477,138
-164.30206154962329,104
-191.32275061863123,76
-404.45596444832455,192
-267.03417853223709,200
-68.552788997799837,190
-49.917106036464858,234
13.998571913032364,208
-196.5616307352926,186
-85.235310735983163,100
-201.52518450172204,196
-53.813795335383958,134
-177.43049888773578,161
-188.02210350823214,119
-156.88214230033168,116
-1188.4816141750814,254
-126.59901120376779,166
-26.056522750007645,360
-111.28335862783749,140
-2.2396845611851859,367
-24.691300582258009,225
-253.92337725551081,160
-64.139835816150679,259
-102.06398006234399,131
-130.86307258952422,142
-143.80413967894572,141
-87.968475012080006,150
-75.973289117616645,145
-95.22591847798212,139
-116.04643741838851,102
-156.21230141570737,200
-201.13029344122253,115
-136.06663859561851,117
-45.619868135963728,137
-82.196151505543753,163
-122.37394222075075,118
-121.64100593834364,185
-29.755078674857245,171
-64.466078499103887,121
-205.38604607201879,97
-66.947237657492295,98
-339.06374008027342,147
-101.59823083354912,93
-180.89103894261837,388
-102.98651560819307,141
-98.037135135521311,202
-65.039043118736302,139
-108.95883943782455,118
-110.3678999023,122
-132.00307830480909,160
-32.867025964010651,175
-119.68780710765446,90
-59.350873531337314,104
-124.19019491375747,167
-136.73762114963384,283
-79.058955931996678,142
-50.655038697868747,154
-75.394655327448135,104
-76.509291042208602,185
-128.6845827754855,158
-228.81134126868298,168
-141.54217570957337,140
-83.203459474152794,104
-190.91291655859123,104
-117.77518059221181,125
-123.51120422985281,243
-397.10459647531258,101
-152.96504778187008,98
-136.23757865531238,297
-144.27148349104306,119
-72.343206035618579,131
-131.29506771698817,161
-358.79503415966076,138
-92.487415142602885,141
-147.05743712899258,117
-386.64072546274184,120
-143.32174817131593,135
-100.3925430937322,110
-191.31444681050363,85
-152.98996485567088,125
11.575845971855941,94
-82.38634192704788,103
19.575320209821143,101
-93.798613888090586,167
-32.949692649576704,91
-349.73717285513931,179
-133.97792183324387,221
-180.7190828536244,128
-174.91269497797009,92
-327.12996899342488,146
-181.9618464368524,130
-10.063460748559436,94
-349.85343524217183,140
-98.358266965958634,137
-150.09206671995895,107
-108.73842555535533,106
-144.95621735228207,162
-139.59885528353286,120
-115.89330812217955,97
-107.65961540448967,111
-166.22359660983864,74
-204.29092813741386,112
5.4488730561765983,104
-353.92702481925949,113
-35.784142716054333,165
-202.28005244326374,138
-242.89133721904705,148
-222.70579501761512,173
-174.67918292598557,130
-121.27623705252446,103
-444.27517954488229,119
-97.945265587529576,106
-164.04609437231676,118
-103.62665784212896,137
-135.40419750573227,105
-192.78599051477389,156
-225.51401978585454,159
-158.13608879111658,229
-258.02887548524643,139
-90.556394867155504,122
-150.38318899999109,137
9.3513382646870298,132
-267.73755337253408,185
-109.39990928685118,212
-415.78283366879344,114
-868.63503973257616,221
-136.47827954068515,122
-369.05555371097768,108
-184.64818603424274,120
-21.205524372542712,117
-375.21279936479561,148
-95.433980666640565,113
-280.17329471078972,101
-273.28442152804979,103
-179.33313363632351,251
-193.62010283384532,103
-965.48446418076014,90
-224.43320303294632,104
-184.85958881088581,71
-106.07559562507942,75
-86.210306490753467,110
-125.19891510547552,86
-139.18343108177953,152
-134.22048819543159,105
-155.36525949733704,99
-89.848744013540212,103
-104.69557842628801,136
-20.68292518996266,100
-77.366626906197652,95
-18.778216372943632,259
-160.73217455553353,166
-168.36252538087251,113
-182.04130490927287,104
-306.79765949573186,144
-117.03238092580068,137
-39.00314218485434,105
-145.14870642376511,74
-307.20093366565533,234
-146.78417738191669,94
-84.434683338408718,85
-656.15690679070065,103
-151.2537171270981,255
-521.57790949801415,126
-421.15975941064005,133
-169.39090721616509,126
-108.64217884922155,139
-120.10016886278996,139
-162.47227757322997,167
-263.40710876663803,151
-168.90205128390028,175
-146.57531795780028,132
-184.75408877255984,74
-159.55747099327672,422
-209.34434517717426,181
-176.54440077285625,153
-170.77841935959589,182
-180.34608718285446,194
-154.93660005872039,119
-29.667515397626985,259
-172.06431416208534,86
-144.47619349288232,186
-131.78051377709363,65
2.2057241734918591,96
255.87541154591153,147
3.2060039372356499,175
161.86604598012357,112
-73.288364300741875,69
-256.80029483277156,107
-142.50122419592165,62
2.0981466460590212,55
-285.2827629361251,156
9.7916471667698204,64
-6.4226500981183392,94
-130.87236912623061,92
-395.90039101341478,95
30.741781397914792,79
-141.97695540984662,85
17.912585574464117,106
3.6011070568756338,165
-196.21248632206391,59
-184.87076834090547,59
-78.283051649775885,74
-18.950291596433104,68
-149.25447239903056,83
-155.66775468443561,93
-215.71946536917972,185
61.930836766714123,148
-226.27426031732318,153
-231.48875625693566,59
-276.40122334981623,244
-55.098307338029983,51
9.8780169366641104,115
-128.74925429364637,137
6.808488258483365,88
-222.67670506747842,137
24.491586918091443,56
-70.292486919266395,146
-150.41851411082078,172
-238.03639353441775,110
27.465675552961059,102
-4.9184573039130584,64
-109.3939418521356,215
-277.72694286820428,100
-241.7446344233457,103
-320.08511216591086,67
-127.24033643923401,82
-217.23546722444809,72
-206.46593199445823,67
-316.38245855104446,163
-202.21436330657471,114
-430.36948499098787,99
-294.56656637473606,75
-582.68332313792143,77
-245.23912806982781,57
-335.89026366220185,115
-340.89584282763576,93
-300.23148388404354,57
-108.30431405817001,87
-41.874556083749937,83
144.98783055901217,60
-298.86254952217791,67
-291.61125869079501,100
-104.22361079583892,112
-121.15668136720348,88
-258.58248445988818,88
6.0263963523042037,111
-201.45682270739698,68
-0.74681906728829972,97
-8.510706232109527,81
-8.1573187415652626,109
-21.515168473888977,213
-44.224129249293796,93
-113.10842842412238,99
-425.22247052822843,107
-156.75126754847341,92
-28.661540419143961,128
-90.802880314802195,72
-98.864613369040214,69
8.9774673102789961,93
-60.474178003221141,100
-165.56288202677351,83
-331.52176103238298,145
7.4498976299314705,86
-119.66722824390058,83
-93.258657973815431,65
-258.57651885180326,59
-129.49831292240896,88
-170.2764034969365,86
-143.04196274319861,62
-79.579800497464092,68
-306.9811843604877,77
-191.27333216605393,66
-193.18485105181685,105
-101.14623193268632,83
-9.5490397549959027,143
-20.105770957565113,103
-208.74056712037958,117
-310.5484630117495,118
15.269776331555619,102
-28.165500871886124,143
-3.4956991959391956,54
19.935713378204198,83
-214.06196095443985,149
-202.38124955612329,81
-223.32709606726849,111
-63.503613881249606,81
-303.14773664630718,142
12.947116302696671,160
-398.96156304429417,68
-52.018756636572277,62
-426.63988835948732,126
-636.12395024224372,80
17.207932013389168,70
-494.08857260542527,78
9.9176850715872718,69
-565.12896926509609,69
-3.0759878750408092,57
-536.41868435929916,75
-555.42266316839107,56
-316.1400009512667,92
-15.91946086338784,130
27.275035430794617,60
-350.0685688944742,67
-51.778088358121707,152
-36.315699433382093,61
-74.151151652930068,52
-157.66989903198194,64
-142.59743302207994,140
-3.3232022487695332,57
-119.46167901808307,69
-18.147677711512685,120
-178.57945050170093,78
-84.022980095966588,105
-15.291906356915973,69
-118.29829795716296,89
-136.32411792321722,161
38.170663376429729,55
-574.94283269726225,60
-304.01913918587883,66
-308.1479462227307,62
-269.08399349689955,76
-318.78013283916698,58
-342.98126999795807,123
-327.25794726043296,105
-349.08453129429927,64
-421.86442061901971,79
-249.61418612911405,65
-321.84867591712515,81
-442.45534618552506,164
-40.415458019353039,135
61.238378575778199,92
-44.162715730572515,74
-224.17315784669651,131
-185.68742954958998,149
-107.52630467233428,68
-194.47613597822686,52
-279.2962588349385,55
-70.108615271416653,140
-415.61472746038817,189
-26.065815699191035,392
-154.82866844944158,128
-833.35874665214669,155
-394.1574649102472,110
-31.469633459806218,98
-400.04321518465417,165
-504.82924663188601,91
-119.38636417357687,181
-442.2149311251539,53
-273.06785285444687,94
-300.05429248136693,68
6.1761908948895439,63
-293.54629961145889,84
-17.95260029005243,94
-299.74450781438384,70
13.748028343225315,87
-226.90685592181993,66
0.2767862664050682,59
-163.49434791224013,81
-135.9050566137289,51
-307.80409363797838,52
-135.25871231593044,87
-171.82250653054805,105
-147.36517031908363,82
-175.00971297582288,142
-258.77077006092588,86
-313.247860338333,81
-122.72612055052767,65
-128.79426076588288,58
-362.69171870167213,76
-134.05934379915217,54
-266.06794612473084,83
-225.42795808323098,117
-510.1233340417686,61
-220.32275517454812,68
-559.22993670691073,96
-745.56176660095866,53
-507.74692338236372,141
-428.90005667778229,65
-61.691933288006915,59
-414.60507726839023,128
-615.5147639015579,64
-536.81045426388505,92
-74.049038351232028,94
-144.08932007668039,49
-389.66817351534803,81
-124.73945734053477,71
-486.09769154900692,68
-385.08833327493466,83
-436.4536317599497,182
-105.8784069766153,58
-555.06211941905735,51
-300.27630199298704,61
-182.18942340667661,54
-181.32911628836308,61
-112.88600365399236,65
-172.72286089107274,155
-127.78438389135562,62
-223.72466450564025,145
-255.27593118556123,105
-163.68646892175818,195
-160.28195785459252,48
-145.84677148506356,142
-133.912471086843,95
-110.8055690344269,109
-231.46510328665991,135
-141.61095541986657,143
-135.04810163889226,114
-221.44095564178787,260
-120.62510085706057,53
-114.92125136685235,64
-273.12821504349347,57
-172.10505485333249,59
-144.19144040450431,120
-186.385471458984,190
-124.3423634284953,172
-162.12455695294432,130
-375.54646812442263,84
-537.69666774867846,128
-253.90732784888843,50
-522.66282217864511,60
-321.58584885196541,111
-492.71460618363596,117
-783.76416018483178,76
-239.55303638897578,105
-451.91132721333923,53
-273.77381416785948,54
-24.988589136615431,137
-300.28206051273588,56
-336.69916087273953,62
9.1819169094097219,51
-404.58663489079481,60
-389.74259155593188,183
-416.65332205676975,52
-137.40204027163514,60
-160.55098259421243,90
-384.6262373221673,113
-378.91362671785549,126
-229.16059800015037,52
-223.06365893445826,70
-412.83073103024026,51
-314.07308036931494,105
-305.45774004919599,63
-418.97921460545695,58
-408.34662418111049,96
-235.46142310123054,56
-205.58913623778017,123
-679.84338216286278,63
-338.02747161040077,53
-465.03878164141372,51
-122.36999485927973,56
-150.73780069740576,68
-348.90534213702819,58
-171.22492757711137,57
-156.71809931855518,219
-142.98342460123718,78
-178.81573523090833,54
-198.80700594225743,52
-129.87105871792591,76
-120.13167178584891,247
-162.27233608835957,54
-142.2537698823285,230
-134.69450537393823,80
-141.87032903766431,55
-151.25261258790184,52
-131.63829625727891,56
-143.73071091979079,62
-129.91594369200232,220
-123.04796410482786,177
-200.95621377469317,72
-251.82072239494372,53
-139.10968645736168,68
-107.78969557764421,179
-338.00771511612908,166
-112.8269567948271,54
-100.8851263419951,158
-144.85634239443249,250
-198.18957584511134,162
-165.57017212295079,66
-154.72670084091413,105
-477.4693410710691,241
-141.26697533543717,166
-314.03136183743754,53
-140.99767752668069,174
-124.80876627109114,63
38.770607436485051,212
-138.22131597672814,132
-136.10218877507631,72
-165.68307141890739,175
-123.52232619933528,182
-142.6459068351345,174
-105.54223861842442,54
-243.67299522705085,51
-191.7258506089054,173
-119.20950340721218,176
-139.52534043345725,57
-159.49960399991014,314
-110.39333880271367,171
-231.34813876870732,133
-169.53314287945298,162
-142.13941523387456,160
-185.68169297752377,186
-187.01505115385095,138
-138.0972664280884,56
-166.50089404551784,71
-117.82668078228716,124
-91.206257836972028,139
-88.057556384870438,158
-151.1823840647028,150
-283.10615566616929,148
-382.83575244426999,59
-671.99947535345564,49
-597.75702536034692,157
-524.64742426459657,58
-686.82879491222172,55
-306.97212255343123,56
-476.14650071976968,149
-126.96037229176252,56
-126.22367304276995,74
-180.03152274430761,174
-143.90931052829762,163
-140.9487972197478,145
-170.69908957582965,127
-128.91563684512613,138
-152.79195769558737,124
-146.95805321594958,169
-118.18207246865266,166
-167.8543428610835,53
-119.79255839161613,250
-114.19352539473959,133
-137.81447775841025,57
-221.9585776916216,143
-148.6406752287005,149
-267.14440608651074,196
-164.1372965546314,90
-115.51813611347437,137
-142.28668870264278,52
-99.281567537922143,134
-52.63824186934778,50
-133.37148552346275,110
-172.82080299100571,67
-236.52323647101883,51
-147.96806257806875,141
35.26651144913555,65
-199.28277139664596,116
-133.03615747666402,158
-262.05524877175901,208
-121.40802028003722,101
-134.41554537260842,72
-420.5099758486499,98
-3.2580009394709748,141
-222.31123362044119,190
-209.69238871830362,56
-125.7878002900575,58
-144.46434556499347,161
-125.81115127484007,107
-166.82754618814369,89
-151.68624540803521,135
-956.00674652352598,134
-123.50820563233356,159
-129.24572411815458,64
-125.17537196122559,148
-128.24896252117807,92
-114.33774376356044,143
-159.12204107630873,151
-364.06906901923264,126
-106.63652161746283,52
-334.85642339861363,129
-258.88610329069684,55
-528.94013929552489,89
-129.09847413890179,303
-295.62773438009208,149
-388.40727295181324,89
-293.66488907607527,80
-394.1739676810044,121
-392.12612727632637,140
-344.35667341923715,141
-332.90796708759484,92
-61.061514654449567,93
-113.65345031804655,152
-120.29887169983073,162
-101.27713452793995,76
-221.2810485200153,225
-360.61508823090458,120
-179.53036449187522,194
-248.75032653228561,51
-123.76216981190403,209
-234.5984579365701,122
-118.07369732766082,77
-139.38910453168296,113
-196.29813349684719,129
-215.41150883795055,121
-135.57211277394623,151
-157.39329731688611,129
-88.23475198557469,141
-120.27811152438306,52
-300.01256418417785,221
-105.61073351890496,73
-135.10355464950356,158
-111.26165730439521,52
-157.85894819124377,98
-218.08466240582877,75
-85.629509968500116,88
-117.40330969179706,116
-150.31277062926898,67
-131.55710218056103,53
-172.5063723941918,50
-121.28210354090837,151
-151.62608697743195,95
-127.44117782048082,107
-221.07127065373362,170
-142.6735647630411,114
-101.03006573691711,82
-105.31542764840265,103
-92.90730605332061,142
-168.79599873454259,135
-123.15021492654418,209
-138.16587661691216,54
-58.032586262983671,371
-100.53394572110815,283
-182.7255900793532,307
-142.82754585390194,128
-101.17276788645282,64
-272.57875193280893,76
-157.00842515498664,204
-133.36206671419822,51
-90.233490308334567,84
-186.01098590847087,377
-276.99501631288695,101
-126.41351948506929,280
-234.36632886088185,63
-182.49556710906757,206
-130.51377314895819,181
-141.54126417254571,233
-146.61131667998478,92
-147.16310436855019,218
-337.072945032245,58
-259.26847240532186,203
-183.02015019844404,93
-127.61300767222859,53
-160.47477375950734,136
-276.68172010891254,89
-118.2194452774803,109
-118.00207772536038,131
-214.45523802289517,239
-301.81588613209567,185
-146.78047550022211,76
-127.06806737104101,194
-157.4829108749158,78
-147.02700488382092,79
-188.98381206573487,177
-124.65563161039034,82
-160.46894101137241,93
-136.61498775914905,52
-214.86064459532054,50
-177.64278027206649,89
-143.86090460417978,164
-202.43171993823989,82
-112.99014414976256,205
-167.07886142437212,75
-90.687151978597825,182
-93.549319832013424,81
-174.01663787539115,74
-148.53581813599016,65
-24.374979643786702,88
-345.96221237396981,181
-185.60101563502462,107
-215.18758793583129,63
-194.53352157169877,83
-118.46907042106761,181
-193.76957138474916,115
-228.66149108775585,92
-92.074439604187035,85
-143.28021944386285,71
-87.033562690132371,130
-131.93106521407887,72
-162.20561362026905,103
-140.63016526099707,185
-138.52599486054157,89
-142.6759289040009,71
-103.72073144504225,154
-156.3370955761072,110
-116.21714828991038,148
21.150914923297051,133
-103.04217091089475,71
-160.67923938995506,102
-129.2980477770403,86
-131.26676433976164,63
-129.82762989977243,80
-181.68541933018312,182
-218.16779269186478,98
-139.51433463873113,115
-128.46789515306097,169
-168.7988059200226,188
-202.82155557609278,47
-117.857163795194,134
-137.4433347412691,92
-278.5981034550847,71
-132.48519439909973,134
-117.23748811943823,117
-125.86459599319431,98
-199.4938594076711,94
-181.38766134316219,116
-184.31679058620608,117
-154.70079522728463,89
-80.241477174925137,150
-181.13122661965787,116
-104.6040432318656,138
-187.55104785073758,292
-127.13364751067908,212
-120.63399939673269,278
-178.62195751024421,52
-136.57540824249151,60
-168.41006807066654,131
-179.53564424954476,109
-176.71944391011101,308
-17.057205267371145,169
-189.46172203632534,151
-174.58396823064669,91
-198.7276321177979,153
-188.66879217247384,179
-125.9070389194604,134
-130.35974725750236,160
-143.49427401929742,321
-175.08328663432943,109
-164.85255383040044,106
-140.56267262576335,52
-178.16092460132006,146
-120.87357852488581,143
-100.00268331229294,78
-310.59301894942115,354
-44.909434224850955,152
-265.38483178074796,83
-165.49649582753366,68
-190.24456029251894,66
-138.00012925436272,130
-144.03353179378763,197
-98.526040645750498,177
-138.32992971830697,100
-240.5534549975728,102
-96.479847422801697,122
-157.26988882690046,154
-146.11799918125305,130
-277.098025494887,63
-175.69735777415269,54
-226.89466407811253,124
-137.18292721396483,100
-562.53884962446682,148
-571.95691090901494,118
-405.93860080540838,53
-159.77974470053215,96
-467.04594062940993,54
-410.75805423594585,159
-222.79995948966493,119
-114.52494225682028,86
-217.84679615385849,93
-175.52704708431639,56
-118.39811508783878,117
-141.9359608104437,343
-185.90878577836372,87
-149.60471572022439,68
-175.08286730395332,52
-156.92281954796141,171
-164.70596785007794,58
-139.50846221316078,167
-467.63452100028064,90
-480.91332909514927,137
-572.89169958443335,69
-142.96164330801938,80
-339.2236450098253,100
-518.52703332923784,79
-119.23139933763534,66
-395.623266976217,61
-521.88522332992579,68
-453.75468041659752,108
-410.51747159842415,237
-142.5878059588008,64
-426.13194235789177,93
-433.93834804349774,117
-224.10421270533627,55
-221.42871611492728,95
-166.71222216137141,68
-168.82829223306874,102
-152.68806838992745,91
-162.58321838949587,88
-305.63886972586602,156
-108.03491863856451,147
-884.37136899973632,69
-176.61457946017444,153
-147.65040580374247,92
-188.77575182810097,77
-124.81687838218147,73
-161.45625473003781,80
-266.36646966961786,160
-83.407847361341695,73
-140.87183820042,330
-223.97433614808207,368
-158.41692912124557,206
-180.65868635308834,60
-144.83225917541904,65
-338.76389769028373,387
-359.37692050145745,169
-299.43460102740346,176
-119.89292399197458,190
-159.40675110776678,218
-149.82904953885068,197
-171.07207435629496,444
-438.14462629518118,154
-147.79192229996369,88
-129.99925142428089,103
-344.43958564850266,265
-47.347523651077879,244
-150.79963040410169,132
-237.29422626688807,138
-174.70707037760883,78
-169.23370056439467,212
-198.63067112507554,376
-180.38022173908598,101
-202.57747184487934,142
-165.64988174070965,71
-157.16670568574017,147
-177.80621886043019,51
-165.29507495623989,218
-78.147867837564831,87
-125.35054935492428,54
-218.80252526668335,55
-224.78686111261376,67
-227.2662206653132,63
-251.26208702545756,260
-124.0825733761977,337
-144.45808018530047,363
-33.301214027859814,67
-195.38914006751469,181
-126.89748209186611,356
-266.57397233260679,84
-278.0251039611216,246
-191.45437444873295,191
-71.565370014931716,190
-170.53511956311439,80
-308.44127713317425,449
-481.79729714259906,237
-571.89420377246574,210
-289.45374407153122,344
26.756391354662924,260
-286.22072544477669,231
-519.58517149795625,55
-194.98951371939179,392
-183.698034212739,60
-217.89325580644135,443
-215.16190477267202,84
-218.17419245547416,231
-319.21210099731081,144
-229.87324814160792,145
-191.25232739047357,59
-261.03919054295079,498
-657.71863066326966,51
-318.06591328104525,218
-498.19989563114746,175
-842.77653421345462,258
-623.6686248319113,64
-256.76080323451089,488
-205.54415763806804,55
-197.21647040570031,51
-340.14066074972629,94
-384.68343984677995,212
-389.85782595431738,245
-145.75682013184414,174
-175.65559761583091,162
-184.09206707443505,199
-188.19706916323366,352
-121.91322581235801,125
-319.48444047090123,152
-196.44652883941481,418
-160.19159927809852,224
-157.76175222163744,174
-238.58567016790323,112
-263.53921819877877,291
-36.456173734188781,192
-305.03038272338972,483
-247.36660201577615,54
-319.34754747624675,141
-121.725808618727,188
-158.78714521026944,89
-166.82368652506455,319
-191.77028282979524,173
-214.44377759463106,339
-211.6354714844226,184
-250.28532835366494,161
-196.16596137493124,302
-219.72054609619434
-152.75333166436775
-207.50715942900925
-209.37310056269536
-217.63149697974526
-202.75258241277726
-174.57888258114883
-148.92995150262706
-188.20997692416745
-221.08084880461251
-144.3541606750166
-266.38220832980085
-161.3021714028915
-38.815392752695658
-107.74774505447478
-168.85665536187116
-229.04278246861708
-271.24972025327122
-289.05021053655702
-178.81206494956842
-128.60198717821527
-148.52444030258457
-144.36004580096153
-183.8975248088756
-103.96153601654615
-111.03462906738406
-203.04640334167706
-20.709211482819626
-206.38020723408053
-177.41050370355106
-142.34930659201396
-124.68995880808855
-153.90776008971363
5.1412395614068771
-195.85097997345409
-160.31171157771223
-158.12940613327251
-139.60848380590502
-38.375272610595886
-101.98432573209725
-134.14492524016779
-105.24420679377195
-111.30155418238982
-286.78929160976566
-135.53568676368445
-233.02281274637883
-173.55361849295906
-176.04027027048159
-160.41188549190156
-166.11135425046029
-143.30595588173696
-96.372853788292957
-164.53148286171842
-120.90689888560084
-130.76812346553703
-117.17644415921038
-177.24948234015415
-150.81278388586225
-75.996890289588919
-119.34973553611346
-123.04323686868032
-179.53103277653003
-175.1387036376683
-159.9154177281417
-276.23371308160029
-218.08745963404189
-198.30872338225925
-199.27999851745159
-154.1936095965043
-267.09218656206116
-195.92213144020141
-156.71939609684335
-121.26701765901446
-140.6830646193861
-152.94512193297641
-157.0902198506439
-308.77328896479298
-291.48966935877331
-112.95639078335799
-122.52495492931679
-145.66645724297629
-294.34870586915963
-166.31348366246485
-229.27273630740456
-68.391236063473244
-253.85889555969183
-26.65503036322373
-262.75180947175801
-135.35571117663881
-167.32215483096064
-105.76762935157353
-32.400725538766011
-192.25627378290466
-51.839113305787194
-162.49010726938866
-189.48637668512907
-52.791579152520384
-247.52027098055098
-118.21534546145111
-95.79453182978888
-141.40137157891257
-206.15183087980731
-105.6435343372215
-92.996288363493676
-315.66060982716607
-130.77232225157428
-124.44020422046131
-139.90519397339895
-155.02682361655502
-34.172827183066914
20.96823648749907
5.3478732622212846
-179.58753083168293
-32.028824836691783
12.280802578459145
-178.7559611283196
2.7652500390697696
45.941333024578306
-189.42846046617811
-56.741833607171856
-111.69762385773959
-178.57454602197558
-108.40813150707476
-138.47117965498725
-70.880254095488397
-63.61025529774254
-89.103656830165392
-165.77786294447316
-7.614810078597003
-152.41965573899711
-255.54133619349074
-129.01044173728536
75.993111014683365
-29.638220159931464
-134.71930025101375
-35.385353400359861
-55.178031342201308
-146.50799242809006
-278.36507593741601
-141.47990142486915
-75.247206837663839
-86.429437963714548
-8.7873453104687087
-122.1898004736839
-264.86400708334133
-100.99927720496117
-227.07928875538036
4.2893245496638883
-36.17533459894841
-82.772957820379474
-211.62060345037651
53.140844861768414
-4.8713137219379945
139.40632933636812
-58.887071987300573
-7.7093525659600317
-192.83270037594653
-208.35163351689573
-31.849564520210123
-591.39436221767915
-13.502788088194052
-2.0125398266411452
29.973670256643032
1.2504482557812509
-19.604149730402668
-26.332366480565639
-72.79087535320231
-57.909517055320777
251.85385758757025
-167.28953008063456
-35.375496742580665
-349.89313259257653
87.537590342351976
20.899855698787221
-336.02778965052329
-36.59404229656964
103.73772375840065
-69.386329095268792
28.871870298206716
-398.89205924525373
3.6511752850288417
2.7281622609338569
