Episodes = 2971,alpha=0.0001,gamma=0.99,epsilon=0.04996170339735633,epsilon_decay_rate=0.999,tau=0.125,batch=128,128relu/128relu/linear,Adam opt,Loss mse
episode_rewards,hundred_ep_reward_avgs,episode_lengths
-203.45074848344782,-73.83316343763462,99
-188.93763261060252,-87.53869549242594,110
-58.634760529666146,-81.57274498641253,62
-328.8207231215695,-79.20122524097944,77
-90.56944123956372,-84.36151927528127,77
-383.47949973618506,-87.03920632068115,119
-171.85261664854,-90.31820125105509,120
-338.6639385210103,-95.02656197626852,131
-198.73595472054248,-93.96324536859817,127
-145.25661071553253,-71.2506937051394,132
-232.58622828057375,-55.477374551206424,176
-446.7210274438214,-26.132364655628717,90
-54.62017091400287,-9.701822334999596,125
-221.994104024965,-9.592328607097864,143
-470.4175056084168,-1.2556862160540936,112
10.520248115317212,3.0841081924396936,368
-70.99186344132993,11.317115892218006,349
59.33456578400052,20.09022921365918,375
-100.5426034033935,29.45897883578121,390
-136.14520350749518,36.028728298761536,339
-342.5153634399166,38.2227944236768,234
-91.41915493476068,45.187697039381085,235
27.769495505563043,46.149094765308995,339
-142.31565099132678,51.96426550297425,264
-445.11637274744925,54.57478636974004,479
-72.72605328741628,57.823651389738835,350
-36.7495100789081,61.66721934697191,408
-168.3384149768073,62.98206849774328,276
-39.91719265637221,63.6183275536148,203
47.56434236600482,64.87584223884946,190
-65.68121780030884,66.10393183852447,395
-96.69880979939086,66.60130052592461,287
-6.707512894926503,66.90609341755035,263
-219.82051444101035,69.80070453300142,256
-28.475565650340567,70.73576946626227,318
-23.60443235164479,69.06419672736892,193
17.313680472080428,70.14275523771624,272
4.976940382810674,64.45854342990205,296
33.51197820703253,65.84033357089315,280
-18.834998452825772,65.65029389103451,376
-13.093035686318084,67.1676392337609,187
70.93629693230078,68.36058741144463,352
-49.78574934365403,66.70087077278382,264
-7.873042559017732,64.97792366778721,224
162.4347295980943,64.57307824722373,273
14.896422127743424,71.21313364016024,178
43.66868595842783,72.25198708121874,217
-16.163695390886726,77.27129403968178,243
-22.236372675682198,86.85132291444965,233
73.08895682904864,90.95532408979703,264
29.125200452692287,97.63579409298808,277
2.7633728586833257,100.97315063776126,162
5.9937187532152345,106.9454103651141,153
10.83973828543058,105.91875219351076,227
6.842680531231175,108.180177625736,332
-10.01376464992417,102.77578551241564,274
-6.7681092294713885,103.24903288237087,230
-36.11550972049825,97.89045524102028,430
-0.9106889522384776,94.9700211757357,456
32.57583658587174,101.90921930299996,374
43.18762092416269,101.51082058274933,304
-8.755178752293858,100.04921352889816,407
-27.788067934867637,104.19750745453055,207
-12.780090835278804,109.25829681673524,194
-31.954405281328523,114.6996259634526,349
17.515206474113054,98.57615685284618,153
-14.965857000846938,83.20631983206074,184
59.69566177864846,72.17787480408326,107
29.08072750740266,61.04724293656812,310
-30.301737039657258,44.62787154424712,475
12.382917227949225,34.575788644316326,228
14.451631465679217,22.702926401327503,275
-49.90012882460521,6.855891641432171,399
19.624434597401724,-5.999639720949208,497
29.164904754374053,-16.422213623905492,218
0.5916795737980982,-9.243487648421029,245
-26.095549042385365,-4.10193028343523,174
-5.114104991342012,12.475597588742243,468
45.52678181149926,28.423155075498748,491
-38.1934160165313,33.64208126571243,309
-12.203872251799355,37.69437297073824,106
-48.02365482374037,51.66900318007291,472
-31.147263911851798,72.71321634884401,409
-48.57990948475663,95.15101099044676,353
-20.464376234303852,112.29961638729529,415
-10.028616535659323,133.75341216277357,480
-97.69289433757008,150.821806057295,271
-54.16899786508185,163.86937056533282,347
-92.89123351739345,173.2654542064476,490
-10.298572512483466,184.65432267761938,452
-8.020806668040192,197.66301307760168,204
17.138355970408462,203.19544333949577,412
-48.825439711872605,202.3887812976398,225
-277.4808868989014,203.45924310715344,279
-563.1753588297352,202.2441807156663,184
-368.69933629303586,198.65023819267472,140
-283.97690335897454,205.892588566459,334
-280.3345111236156,208.50980883795998,274
-353.2169985706048,203.6083558802793,407
-149.7517940840557,209.39609251447175,172
12.861988593913491,212.45664697888245,152
-190.09455484894676,213.3908273544472,287
-7.864918670020554,217.76396200373102,322
-262.7423450916165,212.9022299016902,301
14.720262819171115,205.26656287949606,172
-300.9276039709072,208.66844021368811,462
-273.76123160348686,208.19973307700965,168
-119.42664820300635,207.63485185660488,154
-153.48341503960054,216.93707619778138,327
-70.7225628861712,220.95578600038903,456
-273.6627246260658,221.24130178539647,386
-338.9904746540351,222.37860084356126,387
-95.32885444531786,223.33280914783282,135
-191.93108465137587,228.8451284249932,356
-254.98690303276024,242.43132141701463,119
-343.63109320331785,247.11123326297354,326
-13.7809124191822,247.03948815165668,251
-358.21606023040283,247.00564085907754,104
-507.87051542043065,239.02353404376836,317
-525.9499403680422,226.1299577470407,139
-404.03125977894916,218.9479348047089,420
227.96852409947888,211.60262795397605,482
-202.05881437963626,202.84718872745893,114
-253.14644551846274,194.4641116841668,385
-273.2934294548129,186.05228802025638,226
-294.03618581742944,168.33411228347225,295
62.53534346432899,146.22231039298046,143
201.80526973204053,109.30034132805676,97
-273.2419589492091,106.01180272389205,257
100.80689476660885,101.01154504012618,364
35.491977417043124,97.58650031884636,200
28.80979975923169,88.7056883128692,239
-59.859062978274096,100.04493756886653,307
-5.289385634155604,106.2840944868713,375
5.811281186474029,112.81539553185061,392
35.03045343559396,117.49708926004962,387
-10.806828265594794,133.92582437535452,236
-83.65903855354426,171.9118926702465,429
68.99091312840325,185.3824389817756,435
-67.66089817340274,195.4727707300774,478
-78.23571168994549,201.88473867768258,429
-69.15701338578137,214.3691165217444,487
-47.46236524627687,212.1847566527178,367
8.50584393132663,203.58770762784542,418
-17.544191110030713,203.35329404069856,485
-19.36157146694866,212.6037065964574,487
0.27295200660710917,212.6505159604104,462
-8.044632931303614,211.10235923544693,304
-35.22160622470354,211.63548164971496,322
-56.96509998530916,215.29144747238533,448
-15.17852322770527,221.19724052128566,395
-0.15396854733537269,221.94646150550204,426
-20.887098639913262,230.49548550153762,412
81.26856426433218,240.60732542421528,478
-22.89183416975834,245.96150219786273,365
-79.43945563250213,250.40710711842266,398
-28.86251918805303,254.00609457273305,303
-15.039398999138069,257.37006673453027,418
-39.61339622518517,250.53776378707482,362
-8.259461011351284,253.20128190638636,121
-99.55766147608988,251.712545415532,458
-29.69243683997358,245.4937059103264,462
-28.507674470476054,242.08954854821175,223
-40.361107088015714,239.05230564275055,213
9.413184089233217,233.315395773621,390
-45.139940773126725,227.58406710418683,491
-29.352508151640752,219.2702497542094,271
-38.27163684428286,211.11518388883317,195
-9.981592635615634,207.97770444706475,236
-94.18331250429799,202.8758931239514,424
1.1114120208543072,186.16826679596934,325
-48.994461103975894,185.69614914881157,432
-44.327765610645415,185.56348759651243,388
-264.2577446434732,183.34800621809543,194
-11.848926727560205,173.94877920820346,481
0.6750103161194794,169.3142066619698,390
-33.94614250367087,174.71556703355796,348
-35.96421676102978,177.19669236435348,299
-33.50187555557245,186.63798435088472,119
19.3048980870683,190.14803048903667,171
-15.53569746276657,178.228550814437,188
-9.666530324524796,183.27517673236275,172
-20.098991798306315,187.44425769992614,212
-22.677317736906847,193.0585609115908,407
14.838213743197437,203.73602137097237,170
-61.46037189465433,207.78352039908535,208
28.9969865912453,210.3544394683953,161
-50.79254857906949,212.73407006145004,203
-3.0950827057288413,215.7934462691046,267
-230.39673830498845,210.1491676062398,200
35.18465030212964,227.27017281874134,122
-193.39889729678907,213.63666367730366,496
23.85670372427466,204.96973544190337,169
35.63192082134347,197.8441293621737,106
-0.736011037674742,194.64173193902593,111
40.89793217350713,189.76742772614307,196
-35.59002946025609,191.31133852125276,174
12.407976465763012,188.82432667107415,154
12.396204075569038,182.12407391130614,174
38.111773067275976,184.8227739166928,131
21.333914244437832,195.87227037237957,140
14.274104861529592,198.7658923891869,373
59.46710248355336,210.07751053647905,142
41.88148451985209,214.10113810193798,171
14.415716763351355,211.31534239252858,281
41.60890020013099,219.5072825184478,158
6.308072539094934,221.63121640009598,152
13.306186150356769,215.0760301502106,156
9.2901968478933,218.87004191348558,411
30.198431902880944,221.1655147641916,220
-4.85930977601624,225.3204659270798,472
51.074972537884236,233.52018187912668,174
68.32654212527677,241.69317514223687,157
5.295985078256854,242.62863416312578,179
11.056627404708275,251.10974755837262,137
12.788939717128207,251.49292632830426,259
56.87248329485533,250.25089490211658,394
-7.8764867938588,257.61825761904834,305
-275.29672117674295,261.69734798908996,155
54.05742955123229,258.49786925544794,188
53.85265476809779,259.80426668112256,324
32.464660917052996,259.91790592649664,245
70.67100971168263,254.736234986585,420
16.106418434407196,249.10694096750865,200
62.83053070980465,247.83985493106883,124
228.56957769111068,249.92834469213653,252
36.716591929514294,249.52828135228958,149
19.0338012364582,244.1660435503996,221
-4.882853157328117,239.40248570598658,153
68.3442433554508,237.00765750976652,164
6.508189398716081,235.28683403071193,251
26.032312775119202,224.37192011598808,131
-94.19201887344515,217.3878110176248,129
57.79074735397285,202.9332313289208,139
31.02295636278918,174.4918032455255,146
-87.71919226352622,165.81766788098486,154
24.848245050445442,164.9506919725875,148
7.3403500257592444,159.04951384704378,131
-29.437982723359838,155.47569967226846,231
17.257133597391082,145.1455723290014,430
4.86603280680204,135.80086599308248,140
63.286036784527454,132.53433077605203,138
70.01306893849807,144.33265884304575,208
31.450422131546873,161.63442128134176,146
-27.545472609563873,186.89762548145558,232
36.205107247978404,191.93681890043808,148
83.59743451862288,192.5997525727518,443
71.24247227811102,201.87338491620267,240
36.21963902640319,210.00034882866896,100
44.694780845496005,221.0939136093687,496
101.28735384039138,230.8384814642469,142
63.96471308938578,235.3027258892754,142
25.835918430175795,237.01828493382732,461
11.3242631095979,239.52767590754712,498
35.19580061227242,227.40317574030556,460
20.303277334967515,226.46134269528247,217
59.22691173131499,224.67016661795887,458
19.126856726628187,217.48047545216352,419
33.76597990330997,205.94277039366742,484
21.884808271101868,205.78698926508724,114
-5.706179735985454,205.56559064629687,434
54.613430213122086,208.68201249519223,120
12.66667446610547,210.4526894171062,437
41.19869806810428,211.6791099633234,360
30.760654260909607,223.45546714829018,452
22.851886427901274,231.8769707003919,287
54.802641690585375,234.0075652084344,468
48.56353518268736,238.26298743926284,456
53.77877583393105,251.8689035441886,464
76.24041017045947,256.80702380455403,475
22.189376969739573,254.340861856495,479
13.375309383513933,257.9026649731373,338
37.8165020469638,255.44136867779872,393
17.152775800216414,251.6975204045081,434
54.48235773361224,253.5451485317909,421
-8.429689981629991,254.9770226155459,343
76.17148238335503,260.6999565557107,354
68.6183273822267,266.48237780982157,480
53.44489059362208,266.7483030728792,431
63.77916261161451,267.1975276533707,436
49.15040170873749,270.7087335845065,365
61.52829640575784,265.80672176358405,349
61.60945615458169,266.7286192948604,418
58.785255748830274,272.4469617832087,389
84.52224723425509,272.2051641664927,336
57.04793701119412,270.51003504248587,255
40.22050213147033,265.26393159432536,476
40.01294035109061,334
25.334058913831,300
59.97330997082811,465
77.95287981785961,395
22.57072354594442,347
71.40479095137336,436
76.73321168719724,306
42.86655895317964,461
72.62326263148665,380
46.22441732705674,442
76.93571773435369,330
64.24511181166508,403
60.08164439379415,365
92.05173009712449,356
-13.79801362756072,443
36.68980353542154,467
23.47604817138372,286
73.20415796331284,427
53.759919645814016,358
-4.000738717915001,359
78.00486539717097,325
68.47455694856818,349
102.80307295946125,362
52.87705072895208,335
72.34596800544945,296
22.73450326520293,312
67.33202399365203,306
73.70932721728343,351
52.66207565541891,448
64.53296111389521,398
101.94264959177329,341
77.67207746552818,290
56.16053009670946,321
78.83860712823937,292
57.823240208481074,419
52.5849611472072,264
70.12020504031602,325
51.22885880945107,347
42.92394127020413,347
68.46221592571874,347
86.51217302075632,422
100.36308629543433,302
64.52895869838537,377
85.2987677730882,379
18.996963527707972,435
52.0565272249495,340
78.87033811606385,466
28.0619909542609,381
34.66739709577326,359
69.4958454951152,292
98.57636251317292,288
34.948243064125116,401
49.25739947632008,335
76.03674700289795,317
66.04369142391013,458
85.51969898130682,358
74.51664494834574,475
27.482318003362323,297
60.7628200216664,269
66.97438456677935,279
108.7798925725249,336
69.39063740117372,291
59.342209250631214,201
56.26931147530081,217
99.61150383265928,329
75.26746542236042,276
83.21947425611069,344
42.698668355020956,409
43.78327772741738,437
98.82107387369383,314
94.05300791710731,350
77.90110667337287,339
79.46049780463464,452
21.986309186648917,392
81.01771958863854,318
50.96466140823134,286
99.51399686352866,477
58.07793361667213,332
71.61432792837219,317
75.37994954890796,195
85.75784017698294,299
71.72848543270831,313
79.94994280255929,246
100.12246493452656,313
45.66014428415764,402
20.317264845491888,443
77.74345994048056,271
75.50528065284394,259
68.39056154585089,433
27.127939591102894,462
47.54646874741056,430
56.59685425308203,391
70.05713432494773,381
41.14030181500253,355
71.89397407043913,337
93.59187578945253,354
35.72706588074257,464
65.2911496025218,379
27.644379912836463,324
70.13290365966762,299
67.04708330727397,350
27.7316946944367,332
45.45522623688925,284
97.29495806346826,279
74.08349673212103,367
56.833096428604364,322
75.23003703314494,310
86.27510269783168,364
101.1700185109786,384
38.83866519114982,455
79.17409944088578,300
80.25854957335882,321
81.56317569033241,266
63.96354607897088,391
72.5628402911576,237
63.46521369559521,314
71.58137509399933,431
54.072291523539114,310
58.796825288549755,252
61.71528845729623,330
84.00757206114832,261
87.76917283394351,309
51.22585482252361,314
28.277928272530602,325
76.54728329419049,289
71.37814959625338,289
105.26496849285482,280
105.39509917039547,264
72.35331975717524,290
-72.78342355915692,378
109.59899261308135,266
36.731092120215855,476
122.20365011161347,358
65.01690427725543,294
110.39988099183951,346
43.41161996559929,304
75.70929704366186,328
49.79902635709026,287
48.03944568631953,352
84.63554628370285,215
69.22754663467617,377
51.428675975276704,248
76.74571110420187,278
94.46878666439973,229
95.86371223745496,364
47.90225557929753,238
107.69140163820136,297
93.96131010965917,317
63.43985039989788,261
68.61571750811473,335
97.7225199562549,287
99.32397777435573,161
53.085484697767846,325
112.08471688468046,242
71.35285020158915,383
88.31759843445512,356
70.04346433471258,305
70.63020489267156,242
65.51926579141254,235
59.376233725087715,363
109.49056052659158,286
77.77890706992058,369
83.45226031695138,335
92.39419220529138,286
54.479848163934726,169
82.23037013320597,332
75.80952130884512,198
72.29618016510578,338
57.27706416748375,192
67.07382153635632,208
29.86659072617608,387
-61.08401421466417,355
107.65991464242475,305
98.31881681947382,339
96.7648058449702,176
69.94835702341264,181
72.73944791831448,297
120.20731408237842,331
58.955949175833894,340
10.840968907912309,270
41.804954466671006,281
92.98343366732922,261
191.02017214909364,445
48.58161435206412,302
-42.37856198124665,272
69.09506679644811,314
79.73227590303628,260
24.297050488228674,329
76.06213703256698,308
38.869772373212754,318
25.30380747310111,229
94.90617035802084,340
96.54630796963096,276
-441.787634074522,289
86.90315718812543,262
46.40180611238101,348
40.09296705799322,211
101.82890041823109,222
63.55111204685094,288
62.18052890582679,325
90.512973002043,337
106.73637680767676,385
34.44016668495167,409
51.18668084429157,204
56.64198365368837,244
80.62602543014253,330
91.05046415497958,283
64.0956229531177,336
60.71495784187818,341
74.19311490237034,234
104.65800478436117,262
78.84252910912872,244
54.97356056095481,259
85.92096798539063,207
65.19769281219106,330
103.96682783579558,267
87.71013976033909,262
64.53429872241179,348
49.1745453132857,228
67.13349622583885,477
121.45634253085566,353
101.9360327207491,277
59.771282352540645,333
100.01385614535506,250
67.82126869141352,293
52.21853513642386,292
81.77111913870306,194
54.9938949844981,318
63.178973732231945,329
94.0402059828859,441
93.39167218507848,239
71.68998119638314,283
68.18586927088714,450
126.97035731901865,264
-63.88886269384102,235
41.87009581226524,296
56.163960432152344,244
25.187660229422484,318
71.25514924460714,267
68.66793256668345,290
83.84324245309602,472
97.11912981993136,246
65.60735768517978,213
62.61632490404634,205
77.36704214757992,251
94.49159354640047,247
46.61028353453209,209
72.89557862996439,249
65.23816094737778,285
-52.44139014333699,324
88.2737624299015,235
108.77373912770068,248
67.54747415887732,212
81.02406168674759,254
104.25313100431475,375
83.16431371999354,258
87.4500664709476,325
85.18135768169546,205
120.711375725077,219
61.464607064335425,300
17.82014143491699,320
45.09865388922306,226
73.28093764370622,289
89.136935487515,234
204.99131969247523,201
87.61852650764276,205
174.96499436412245,208
229.8023206386646,241
-16.347509421139407,212
96.90932882557527,334
55.94356957544245,252
88.32602833929093,255
197.5162396320815,230
122.28420997365271,216
71.55561541799207,268
104.18011244462693,313
96.36421345087508,230
62.75123508472091,286
49.99799996868363,255
97.2829824642082,228
99.66516857972347,228
83.60756517625632,229
220.74404518282455,273
71.32062639132857,128
60.41863169570141,301
68.57416344230325,252
84.81780327537004,248
121.22908937661941,229
107.49394391158168,261
117.37929503521654,223
146.92972435800186,353
135.64477746690565,222
96.99504728926556,236
73.4638607604019,252
146.18929620557736,267
56.33149184722824,152
116.22998695065753,309
99.43485936708846,245
114.47658369820903,227
105.48935246955462,141
111.1486338239133,214
130.87906220470256,298
142.96819547170725,188
125.71577958770858,311
115.15446215472512,86
130.92785678031618,147
84.95413970034367,321
91.71375581235256,287
111.91594191901703,211
100.79148720581316,205
128.80337857298474,209
140.80507093442546,179
106.05696386177587,294
116.2600048278963,262
122.31478349757329,141
224.29833560909753,219
113.82730426479797,246
156.3984456000219,155
155.4919327500011,176
163.16618510805148,159
131.42984144135556,267
126.9513331583702,247
142.21406255978272,142
138.75640258945293,135
136.14526773366043,264
101.44880890820617,135
-22.13632150289382,352
162.0203191681709,213
115.3430778732547,204
115.99574834772315,247
112.57180652419697,119
197.37177703753426,243
-29.98617652856052,159
192.26672337988848,118
129.51866869756796,111
161.7463832591848,203
111.96965758645095,239
126.01264244367023,284
112.77101303153611,159
148.0355028055239,239
136.97307275195115,367
135.1686782998242,276
-28.546399929567286,172
136.37277665765558,243
-50.81595611165051,220
179.70248433029735,203
-158.55400304174265,144
252.81979014098755,271
-52.4998555921973,182
-22.84666793684262,165
136.67047544582573,197
105.75414222082732,210
-10.760440756850016,217
149.2367834240555,96
152.99060888608386,251
98.27799370309621,220
122.86633776809981,176
110.42460451325535,135
142.94250446160996,166
14.31841257084271,171
152.90116262091485,475
2.532526917899247,301
-60.27476427667931,138
248.61180237836268,112
-34.33541022778843,143
-60.74258265914473,207
-21.8450512437841,89
-94.97317297327663,227
166.12491488159174,272
259.94854056089105,109
223.17505788640696,471
-16.261902889546263,109
271.67839106125274,288
-24.346242086965034,189
100.56757211049317,117
258.4527688161854,113
214.78256417404765,110
145.55490665325624,111
-65.91297592757162,58
0.7910667401205842,87
-35.42379083460466,100
256.21786502821567,110
234.16065670085126,142
-53.4327487219132,63
221.29186912495453,99
-74.07892755469565,90
-21.7292941853443,126
-75.1804096786764,343
143.69239773705945,135
-51.44424376502808,353
179.23704968935704,278
174.333666470918,229
-50.356312236890005,242
29.179542505581225,328
74.17742453852217,115
104.1821224411882,468
-132.84699458939633,228
212.7740834159195,446
209.87254233203322,153
-20.828736304107053,119
-57.231370125542156,299
100.70675824459123,484
265.73859479615214,330
48.02349152121775,281
285.44829969689323,365
225.7958361299702,367
238.08483393371205,287
241.33097556278267,275
244.9260157593014,267
214.34554901469704,358
132.9440000563132,276
69.80485823300592,311
97.33276262863116,250
80.74551824057782,256
100.9719812483516,66
86.11297638953613,292
110.03533783906161,311
88.28012962822851,302
105.81666831064716,360
141.90053785997236,372
42.343196740857906,332
253.02686030676549,266
236.1487110498523,387
247.87595741861628,296
93.5815605296667,299
-12.791870039640969,379
94.47803432603669,431
48.21478735759007,343
-23.492559809037644,316
204.26206029911233,493
201.53789951933584,104
99.29123782789114,376
252.4529455120534,226
-76.16409075737775,141
223.0623282695648,311
212.39346206953425,218
235.24312032750686,70
15.692812639448363,326
246.84485322971983,287
197.31491632131156,442
-71.24042333143579,244
130.81045748644746,313
255.86341376238494,259
194.76039411478692,278
71.24786567972076,246
-11.609529588146643,317
-0.2550425180339744,248
124.0702268544931,268
135.25974105085757,267
198.44342061609183,225
257.9317557378058,248
228.3758887190308,291
33.057591008776114,242
-14.600235983816248,270
229.22706326180443,274
-146.18077320760915,236
225.6602631432492,260
238.77548852770067,322
-15.915189004080915,228
130.4630537197166,258
201.71986273371397,281
222.65948250713444,236
243.32654238686135,97
100.61329119241935,377
-115.4549603582004,325
-123.90176565184957,202
-191.00997974913471,296
90.20389123306555,293
21.660736813330985,98
-167.98016017248852,496
-31.952363117299342,275
-186.21769714428453,271
55.3389289237528,294
-21.65295506256868,293
-29.13768785884983,271
-20.10632025387413,234
53.44747511404614,205
-30.389556563016455,109
-240.03560548662446,409
261.3362918226192,281
-42.792128154703605,195
-256.20596395910593,240
-83.27093145250238,337
-64.98488391250828,315
-50.848661847926614,230
-204.18595922303115,262
-184.92708240170455,230
73.93647698794553,273
-215.28221011839585,357
-63.25133071043522,251
-66.87264221158024,80
-36.71590710578528,239
-5.553249055390452,104
43.1891097682994,225
-199.48329782325288,355
41.194029727942514,338
-14.585094542028845,117
-400.0015895797345,137
-9.768253483077288,355
204.3073454361758,259
-118.55036929026461,293
147.3920510377021,348
-40.7741612998732,220
62.93012031984236,220
57.74135303904889,234
81.62765360537772,184
-248.78246757795264,352
94.88057093533943,373
-128.72286542787154,243
43.77878903625309,364
-31.509106500919884,235
83.19560421641683,87
194.43520449272756,312
9.454747486009182,227
-145.60427228887784,436
122.17625780618987,268
-48.60233190076278,304
-17.69546165386562,291
26.571529662949487,201
61.38357407465094,269
3.4921817122256584,76
-19.61643333186302,217
241.4940849773789,201
16.5744985627436,273
-109.1474148281476,212
231.33274213933996,246
-26.397588544151915,190
-4.062486785559116,217
-89.34794273707344,285
91.035099073303,249
-0.6418774267907565,227
-8.524628740531654,254
-88.3585162539491,273
22.2364427463023,234
-88.36090803423899,270
-53.92053430027863,223
26.18004472902112,158
-46.903922572596244,70
152.93551175867984,230
99.74722340966537,244
-187.71356500549462,238
28.998163962737518,231
69.7956297146513,276
-215.64026963457556,256
-48.44257210357344,265
65.01088384912163,312
159.24890749327795,234
-101.2039933014651,242
64.29101990921505,211
-120.141168617778,254
9.891743417980564,295
-86.25485312985032,268
24.633629948420865,362
-21.304422028105265,321
-0.9505844620404744,102
-24.484541424556834,233
17.604080046965517,229
-57.667496733183214,427
36.3625309662686,249
148.26362483742838,235
28.1199431569425,243
23.529626984932026,334
29.805704724925427,226
72.29527969136505,132
16.6556738700096,245
26.52670604589833,229
39.02747465590551,255
124.58778399571437,169
-120.0485154768102,254
-142.33159158667308,294
103.16600704688335,268
135.21890169898754,236
-66.68720944379709,323
53.05728871163983,231
43.87343246094443,216
45.40470052172991,200
-164.75827028237546,373
60.70937097228463,298
87.41392788954234,227
-122.12195803648382,255
40.55739977053278,136
24.448906853076444,363
62.66470485988982,402
27.15613963485752,178
103.56106667485813,218
76.08531699144453,333
65.93798001367666,218
85.09869228443682,214
78.4184152508063,235
104.12010998860823,214
73.82702707298506,212
117.80841985338988,347
94.05436650894802,124
40.15594297978145,190
43.34813639903591,231
78.58805993405501,240
239.72734718116345,292
59.87569865845793,91
201.27292984479848,262
228.6820185806622,227
97.4540404564178,208
26.528647233738237,229
146.24109610643444,257
125.95754423277552,417
-224.5600149563075,246
32.907558074793286,261
201.93243281814105,290
88.03807907130337,329
259.25713211848324,191
193.6206915922303,424
-202.20962316128674,232
76.1990552212368,215
76.24708149798833,498
230.03508288304778,290
-236.88855389591652,228
-7.850886109198399,402
253.79335522551338,229
223.82050549310247,369
51.22671119165277,203
93.5077884461914,291
108.09394563712473,441
68.11033838444995,185
-19.517081857136148,249
103.98692453083258,232
244.01941839134406,209
-29.759440314908566,216
136.66323813016234,346
127.47734905616072,203
226.2216099958073,282
91.3289761707949,259
256.02798149348973,206
139.26047335225027,286
17.1000613131279,266
201.58523780442098,185
207.3040960104193,191
239.16322489368372,181
245.9138945100085,186
129.83604355255886,210
109.72957567585556,201
246.64514275912805,266
230.86686557843632,207
255.46034913658588,188
248.03218750086495,93
214.46402366801806,273
122.90482217272665,181
220.1529521365195,154
227.4994300208887,242
242.27856641344113,217
230.68232097710973,208
234.42763028376962,215
94.56400231427754,385
111.48401085122721,242
266.36099118679675,256
244.81806563429,290
29.3485675946157,277
194.6369099144477,181
257.2824635232796,183
160.7663128681745,457
256.66419095594244,235
64.9553066784237,188
225.36961694571016,218
256.77030215083954,248
239.17481855619354,226
209.17051656680425,294
252.7640091318187,216
244.65373530795952,244
274.8629284733604,124
249.70592630695438,246
241.34511701834649,157
101.38312009422974,285
279.23275393083503,222
218.34950452893247,249
221.48435619411515,231
250.00863705876037,316
35.960217282800436,201
184.869790109613,264
227.91385418522867,475
93.45382396074487,398
223.14571865389973,252
131.694989338495,228
227.7023686046414,135
208.73144811148188,241
242.75984221741777,296
261.85684070860054,250
227.90273680273856,123
258.16556862555706,324
-3.0201148900977444,126
236.93414517154127,246
273.44888445889234,434
206.75266183400873,246
226.75998321881713,181
216.40855808044213,214
257.0206580426333,216
230.45090373326454,323
218.9160662615028,145
277.3890871167685,349
223.80424408041424,457
17.422569498526727,170
207.40462051614657,226
246.01674681289145,330
255.07477505890617,235
156.10765404686148,275
252.84563057658474,135
246.50088751741964,369
3.326836229524332,183
108.83104332471036,215
227.0686446535933,227
112.587006657714,235
146.24246301380947,108
192.33790708579744,171
277.12987273591443,173
250.5435182130292,231
231.05246994426548,128
217.15702176817513,218
265.7176105576305,272
229.01400179701625,315
259.91788084125653,214
232.03904869530663,193
240.4765903088176,201
251.40169322589975,450
104.19988207897232,211
139.59855450472742,154
118.39579374929616,131
224.43918963814053,198
239.2962171586316,214
252.5703487875255,211
120.31526007019691,222
228.60933421062464,99
240.07356158775463,277
237.23768625628395,259
271.26056383510127,237
264.60206069554437,225
17.507931656507353,232
-5.903345949702185,206
221.15522062719873,247
211.6946692268184,126
193.16788013975585,238
272.8790279304038,245
273.84946547418593,397
-26.656845039230646,193
232.1975278323759,117
184.8239940248347,195
273.33261402842936,137
197.42685899158786,203
248.66259920633377,123
250.31002305953862,168
86.99358303353442,221
218.45337145578424,171
265.5050172092998,464
217.5388428758971,213
34.02779061849739,60
239.25323547519938,194
239.1126213339196,224
272.0078467081404,225
246.99626112273222,178
155.00047335142355,251
136.42205245311965,286
146.21804933670992,228
251.16515684000677,310
97.19079794569423,241
240.0774203803859,183
276.8348327086573,165
144.45834833647532,82
113.91692319800595,309
264.80445451604675,248
102.53678434758393,293
203.231891586258,399
179.33732037465597,148
68.10344912590682,194
213.99236724426402,228
274.60240744811205,240
185.32375401534986,219
192.68444292946265,195
248.94084366654187,242
267.40243898131496,339
252.03472700080073,262
279.98836408403247,337
221.3896746928791,314
252.28546526307255,340
264.66996641613076,228
255.22330326049746,420
220.06448099433928,284
258.07951153150975,204
279.3377946769374,256
236.0528850679203,143
264.75792531926095,377
260.44651270080885,250
261.18031659674614,173
200.1242066423321,262
243.48923668121103,420
240.9455173536548,210
260.54337545264036,205
235.02673844273676,207
221.38523494591817,211
260.17035485573075,203
-198.72251523435705,216
261.1319656565308,297
233.53886679505024,241
253.06532640769086,320
45.6019486657716,207
127.40476703624134,190
253.94848029509458,481
254.29695296518892,344
104.85085449085395,225
214.54029772120765,203
211.13046732274842,293
152.29081002358203,245
246.25687113796744,437
226.0374141814261,204
269.6607731141355,435
260.0389725466027,215
249.5921517730182,228
302.63587129656753,260
242.21068367777323,216
228.30546256336132,216
249.7515448073123,266
279.313720247457,345
275.3194414350962,361
227.29024314406533,478
150.33542631548644,261
254.91917784541283,246
229.4344986166157,205
248.28994964200737,235
221.01405935136333,334
253.6992800983435,300
244.7475647592315,386
256.96029432984756,331
4.963965475107708,192
270.45817555597193,289
193.96776488713567,228
229.4469151228867,211
234.25373113782172,182
249.67044025896405,213
251.1620598274635,208
266.31828876914017,214
-35.97734582191114,152
263.86711339500124,247
259.83450378893144,249
247.86311297302265,194
247.4508186708486,215
248.65566482523673,200
229.52673078722992,247
280.6484417996934,217
259.66634403625784,198
270.8758771586242,218
257.35517234374066,345
243.9387323138641,209
225.36339436270282,214
29.860634186236723,461
100.79229609711629,212
264.0266931642078,236
40.71069049722948,210
53.521441645489574,231
24.665801286300347,201
254.31250595503727,107
29.178719833954688,199
211.09995790488784,295
-291.573945952715,223
258.0032761584484,178
235.40141980219607,200
257.7792788904938,325
34.499944930121444,208
-23.50340829453556,205
237.60678773603934,240
219.49823138914763,426
253.4774461968214,246
178.2609420445424,213
245.77679675054733,496
142.67192373031568,336
296.2900421250297,215
264.94240281058575,201
252.4663427199251,221
14.507430269088156,367
270.8299701688512,188
233.1754339071154,256
281.0493826428461,293
243.9540937692743,269
242.86836167867054,387
260.847512403382,178
230.441029809758,400
270.4191682494656,239
184.2417683972997,358
247.6329380609431,198
278.57837330452674,368
254.78647486677065,257
269.90848080142104,268
128.25385467874943,230
263.952040277057,242
230.40066756900848,357
275.4224265189707,261
279.9933946127496,189
201.53735608102352,246
244.20157082588335,238
276.96012066214143,185
228.91665306472515,264
305.74866635807234,236
261.9607135307986,177
260.8647448565721,195
286.39601499286925,444
277.93828184802237,122
263.294873227918,217
295.22112481668205,255
204.71349605755654,203
256.9892477532954,97
266.04862604027346,230
283.6280042457034,261
283.0469489923652,194
263.1331356712744,115
241.53143011168314,291
279.9208083265294,100
219.13491566146152,112
247.74153878011765,205
276.60949985994864,344
278.11055617951297,107
259.9291014204854,160
279.3509595784253,130
10.85168713283674,244
250.4795689966935,273
255.9512461276941,123
291.02705538353587,202
261.15429669733106,350
252.540537440491,106
251.45520779524853,204
300.9820662225908,178
235.74351858824087,89
252.56689826373744,111
258.98609524297274,105
238.45281087932233,118
252.5278612892299,180
120.20987409805763,244
254.49773959505387,158
255.32623767272912,214
257.4072020417584,377
147.1938591220304,94
235.2576560106082,250
271.32672560599616,264
237.97055826693096,183
238.3098990446794,228
253.2864373841664,79
269.8102879074845,288
147.8283249142117,357
306.79115283970077,324
154.99366210704312,310
239.19551536098876,268
158.12578703916358,99
114.46799954426417,252
253.88360054256864,176
211.18345100523624,275
248.43068658264656,313
271.3423863502312,219
277.480984450873,199
261.6973925672719,402
230.85739448544285,217
269.8735209538163,215
215.03220497773924,320
140.35570174027842,455
272.40705064828944,280
233.67340299196388,190
248.1884513514082,241
274.33344783462303,417
256.51170638685005,251
245.6230304221356,474
221.82291343758823,308
240.53493992545506,51
261.7826655298575,411
300.92853268809785,234
279.57252532371285,381
280.5871054755088,240
275.74056015419285,458
255.87634167793786,290
108.64841928644356,296
274.1256975213679,295
251.8595713023206,347
284.3681114084996,283
257.08763634769707,261
261.2966819830173,336
291.72369360701106,315
260.3752556010809,423
265.2136277050055,332
283.75354005717236,230
301.3754955579239,258
227.8668846532033,340
243.79066099749173,266
65.8016714463231,276
113.82263454759924,313
256.86841352560623,292
287.2286043712503,277
295.191972582528,285
236.42820835369028,228
260.99104315409346,245
272.582601610182,404
238.72408737086846,224
227.88304792401,183
233.92929683842073,321
259.1223868600646,253
286.06528861692044,216
114.54838651228224,274
58.076083561134936,187
245.63221824757704,254
221.8956322334828,266
143.67760553938308,251
255.19334776370408,235
24.834363818836707,210
254.75869473106093,79
275.0700157331854,208
26.216949747159973,187
270.52715228844215,185
-585.4220987747908,169
29.93363728693862,305
256.8332099536713,262
289.2961463507293,128
244.26258591426856,217
243.84305879859966,271
277.8658684716801,318
262.1415822738787,101
257.818937869594,171
279.3833430763382,381
8.068880437887202,213
290.66246990350885,202
253.5238139077362,271
49.96478389624707,297
33.14694285913146,239
-1.5306091737093936,367
239.4677774684603,86
254.497393519177,284
17.440978007794897,278
47.43410610104115,290
267.3021622335127,121
22.501028173840098,307
306.9642405504888,272
277.5693901433978,219
260.2798159783775,278
285.37080766391404,446
-47.19030355114772,285
270.91334689745065,247
-49.999778037797725,298
-68.6537579647169,252
-35.85822359679652,299
267.29054966745446,174
265.15868254875033,241
268.3873751185105,235
7.83607212032382,256
237.7156886863675,386
224.43468511158994,111
240.3296460650903,234
44.08147327792676,267
261.4183789981226,200
247.48372509478497,394
246.65187636008775,317
-27.25038174426274,242
253.40090186895284,269
26.710302257506115,237
16.715445187414943,394
118.81612623384981,375
62.62854120359728,420
266.0903130315339,316
275.2512269335238,269
145.12727577043182,385
23.73152213353245,293
173.2103965472563,233
245.6189815568702,354
249.42226300314093,247
40.12133688441435,231
55.43720728935125,256
23.293643671825095,363
24.634478101909068,274
241.21983736477804,226
244.23748711904958,330
-37.25868860379758,282
-50.94882034779084,108
62.13024247941772,78
242.45566777681017,261
1.8542883692994678,435
6.220649274985917,302
244.52183103129792,358
-91.64953915934161,241
215.6696253334256,329
-58.30826656212555,231
253.83406286078,348
135.9855091275582,271
4.196549204130378,274
-47.32030113614718,282
-74.53126723101555,261
-116.7268045996408,297
-57.83927027105477,225
-86.39164325517906,243
-91.764291147561,220
-466.59453574039065,206
-84.5615182906126,211
-31.786805411260104,226
-91.28669880960918,238
-70.5537249692483,329
-423.15411938056553,262
-32.74201433073746,385
268.1199352593535,212
-14.400393588164363,281
114.59919127299537,340
244.5770771215387,196
97.049181371522,212
256.8949582780286,209
222.19833482938304,320
39.63190402738725,313
25.773675277103884,244
259.6768857261965,282
223.00532623005446,201
85.74618737223706,294
89.4069333731609,282
22.903100961387427,255
67.47240366381476,324
83.1236818633162,252
62.13764271721588,288
83.37378241538774,334
-3.5675026317933884,316
91.69202768789295,248
75.2823609564661,242
212.9212515744628,287
136.23100310543109,277
125.89136558327357,278
79.40314727555996,320
126.46512875302999,269
228.28460554889313,343
120.23801513370908,220
66.39625369083315,257
197.42840977265027,239
-211.6836582121234,285
120.47309886456048,238
58.51829758425292,250
116.77787712960004,257
-24.982769465758324,232
252.5740193294441,385
167.12161040041164,254
249.88136015011105,318
217.41395244431982,306
144.6527110174686,275
230.03506146032478,284
72.94691910562454,248
274.69659177111976,238
248.9941047406376,230
139.5355338644713,254
233.85214081203702,222
225.47882519117357,230
263.1670158441225,228
285.5614126806054,243
275.25697201801677,246
287.40251476932406,366
273.320858225191,114
274.57404509728826,354
-86.46078692144705,257
112.05053125669524,214
252.98718617438988,305
246.1754001266315,218
283.5815831886384,249
258.978968429323,250
255.28144393165715,235
242.85475140243,245
265.4392938356059,192
222.80269945222517,277
281.2650296387816,444
308.9677063033554,244
275.1975591173979,211
240.2469386792624,259
83.72256477148215,251
89.56542146432577,167
243.08612313121802,205
271.8373325842862,205
216.36092753131362,226
-445.3798060771787,244
260.85510371988596,244
292.39001093565554,194
51.42183363038188,240
206.0211006055727,260
234.8308679327438,274
-53.17341506915873,310
240.06076024724874,321
231.99299055548832,208
259.73546307564243,261
250.67211726233396,251
283.38954213018746,209
307.55789796372414,241
236.4487944733877,300
136.65546801233086,242
236.75878926171538,229
126.95370819357686,207
161.32759334564938,279
197.66040730540135,239
290.7111159742203,254
247.11752670155758,270
269.7879557405456,254
285.1914372368899,321
172.665233389869,256
225.2087840359221,241
103.05425885010135,272
249.03477941890105,303
237.51591896067262,273
261.01854559737865,214
257.2101217996308,221
228.4574073563556,229
274.55224657495114,200
292.24695801711204,487
265.8479006891177,283
281.57783384571826,227
264.55645653493946,219
289.31739724258705,243
153.97161301352742,251
15.724827017649503,267
283.5387896070292,196
236.42313849915362,310
235.86910401994368,313
297.33106451964863,223
252.8600920691665,160
-10.252365221949262,312
263.4577456537621,281
252.81363227898913,163
154.5455880777572,450
73.97363224996381,475
120.3224428741404,235
245.71694345365339,212
255.8278586674373,256
256.2598012861325,269
298.2597630869306,228
242.6662383872518,252
265.7973253901323,234
17.343767309176897,189
127.83418136525204,248
296.57989070775113,262
162.72976638704117,267
257.15053148674707,218
271.86094883629215,267
235.04819022589984,215
264.17953606442865,257
289.59544893304843,268
233.88980816915011,212
139.10380894181614,242
241.8220526514737,421
118.24188230791414,199
250.35555938782042,204
251.22036015814209,315
257.6528369430142,248
247.70178104018407,256
-33.63372220775156,384
285.1075860828848,327
47.031583421493735,251
264.9735432409283,220
211.83291921030997,158
214.41623397267256,195
-250.6710801383589,345
-450.85058061901003,235
273.30558096841435,246
277.8496105388157,154
244.94336166895764,231
211.11771059122367,353
294.22403120943136,256
250.9161374213215,165
252.91136426334305,214
296.67429208048486,153
256.8603118136489,233
260.68382959867625,178
250.56474096345775,211
239.85163406763158,195
240.73064091876495,241
-52.50790165291762,271
255.33374660095495,218
269.60340010524317,159
224.10735538588924,203
254.21578239969108,232
263.26223338109537,226
258.7749859198035,205
159.8678344802931,299
269.95594130559346,315
259.1788885928777,255
-79.4804916241436,221
286.37962319516475,472
262.32539598439087,265
268.8111408658448,211
131.1275858891061,283
287.3169767004877,262
273.1690485035601,465
277.1379517382289,221
280.94086973882975,272
270.42419272597095,332
34.514140187561196,213
239.08513005969496,128
256.5840576069377,224
264.6065144205461,251
268.0155541583037,111
239.0568383261483,102
269.70355866815953,104
51.33287582354231,197
-125.25351028722598,244
273.725979699911,285
287.0298317468821,256
278.7779614928053,105
244.06433699778643,129
260.48999287638986,184
284.09828790760065,138
273.74897683220786,251
259.19945752187533,225
273.86517466849773,118
291.0249138507509,190
279.2320632143537,247
257.0879253193376,60
245.1387220094555,229
248.19699237063844,79
294.0205143505548,99
257.40259109921044,169
17.607178189349312,81
269.9606051682704,167
286.295082307199,236
261.09379591916934,103
254.470446568805,74
179.85286154057565,134
298.1558672053851,115
263.5762362824229,414
258.9195594435782,395
269.2233637604093,258
63.77025091991263,87
269.12603526319583,267
272.6022023698304,373
267.92372708528933,310
295.01629871191886,375
257.2828252914038,415
254.32542209106944,129
263.75287467621695,331
308.26966550336243,303
281.80540791946294,284
260.7924682267234,267
250.57752553711583,327
287.8134238776921,268
287.51058143754017,354
248.68928004644044,362
232.1974508446547,189
275.9447381179276,411
57.576056431034544,335
169.98727710048183,250
239.49104732122578,261
270.8841068760972,160
301.6057728473638,312
308.8566146147168,98
244.75568531552014,382
309.1771996042397,406
281.68169200185184,335
267.8605686392463,122
304.3186841137026,254
256.7444912956903,435
266.52343958030724,431
63.262995785283834,123
271.5073566063408,128
297.0131124334774,346
304.7531821241925,414
250.16656026869381,106
30.055234827264883,263
255.63592138881964,275
264.13320215145853,251
285.21691192570734,105
244.68063219861924,333
298.0158196893607,348
291.8400437370336,449
283.65748649308625,330
253.50177922668252,466
308.4709792653925,244
266.2915884907075,498
294.2520844004409,434
270.59402893890615,453
294.8192936838058,335
285.4086997223786,485
252.82465922507618,209
275.7193428902719,375
262.7998053957628,239
264.64114927676735,475
231.9386573902778,364
271.2431081943308,248
222.5680975328525,491
290.7502251903498,318
245.2542962585695,391
248.0701887377459,250
283.7522126584558,335
283.912779926381,357
261.0407038815874,278
293.8688298568658,227
274.060795417593,394
141.93330696003954,345
302.6097388140003,315
298.65827719089475,218
291.10300600370164,378
269.89092228864456,202
148.0398383540372,259
279.968887479965,352
248.69572788719933,203
250.2958273257437,266
270.83079547050954,312
248.23733121680232,314
292.5267999843504,251
246.5015199642381,208
132.4695072550938,288
256.07782367967354,259
248.88401596683667,292
265.19125007617566,219
263.3465654201656,325
136.10472199414406,219
4.397869776386813,278
282.9795406888813,261
291.9894189665124,364
166.2858683438946,335
73.59513691290493,310
277.16448226038983,246
252.00087756888996,254
152.2802880887728,434
247.60574890279875,233
299.2087309203872,299
256.14404389067374,221
270.3245890701532,305
300.66510557262313,232
297.5885869020275,365
295.8045373853796,268
261.2144171336069,223
248.9864371683158,253
235.86173705798078,376
190.38838914435465,401
262.28286563033134,232
243.73398834969464,326
282.90909326559756,204
263.6572065729266,397
302.0127247996982,242
32.022051404882546,288
230.4068182383708,212
162.57613531272386,333
222.5929904219018,297
233.7710325972916,344
55.13866665792514,254
281.1353677128388,211
59.611100367234684,214
143.39913198792175,341
231.5070335109221,207
249.15437061426212,254
268.7462689116164,232
257.46116512812023,230
262.03570925972656,294
151.5664406031546,160
112.38457824008924,422
262.42362479581936,255
284.4985921338718,262
249.51859048725774,233
247.10691638103526,215
262.46102628228914,469
297.4587901550336,460
43.25329327352597,326
252.47235460690888,242
273.4519237037686,216
266.571145037262,214
37.88184290600563,307
277.2020212385157,258
-1.0020524437374831,299
239.1640634980034,294
269.6178239401277,314
228.68174135388767,367
281.8842614088328,247
257.08201628471977,250
242.12690136044347,241
293.39362844986977,257
119.37323229887319,315
40.17304680721472,202
238.8861715308818,332
238.03528028308807,256
283.19408767515955,248
259.1432060007276,324
284.1358821961426,272
117.32464919486935,236
264.3679117955499,378
141.12577944457794,224
256.0528468091027,260
2.1774394308605878,245
245.3648881722335,442
258.85348586942285,473
251.0340826449664,273
274.4664527728014,318
275.7931381572195,217
37.43761393305499,216
267.95966848117314,275
286.78132166532833,225
83.2463192595228,367
253.4290663756841,220
100.19654267016192,111
-9.734509587011246,119
232.20378097644337,164
226.05486266793943,206
275.4001945230914,319
241.97608617227758,145
264.0377881020546,285
226.01509877524379,309
118.03800719048218,315
284.61204789432065,311
268.9298438678528,133
-125.79674520084208,294
-48.68311455484165,208
278.2454975422827,397
145.24644649402046,210
251.48682978328517,207
237.90851068178247,293
258.2550008007188,189
-449.710787082079,462
288.5266004630307,345
228.88040397421074,210
247.56000661591895,194
247.58012871774093,427
302.02533516782,234
278.4975467701356,231
251.78608593784494,251
-34.15621063666771,232
189.25796059149428,128
267.276746128535,204
237.2130678865639,149
208.12340859873672,202
230.8476073790788,231
-14.475090045251818,233
272.2987153223786,107
16.844120658812656,228
274.5647887096319,101
52.1107606965588,189
-123.5282479719503,198
65.94447000345153,125
251.03135568808412,195
-20.109519560327414,245
-3.5512494812666184,245
130.48356964431403,199
279.14013125572194,275
140.06192991270595,194
296.3507201770185,256
-54.8610847749558,283
284.9071485871493,231
245.8934766541291,291
-277.0725082339953,196
132.53259692650298,247
270.7533824490422,307
287.2427705429139,262
282.20770926373996,191
248.8043490882352,257
261.83608117982874,312
259.69670019263566,291
257.6849934646598,119
213.97506555882032,255
-52.79939552690017,217
284.5807048356882,199
308.70368460568466,224
266.94020866264646,276
79.12649030899367,260
161.94527863927073,96
156.5641111477117,258
-63.52311679860847,203
263.06827574512863,276
257.2016270962732,223
263.03662427646304,369
254.7780115027552,234
253.24623400287953,480
101.92273449500868,196
230.38225662432427,207
-321.2294078534498,301
253.36589215397225,262
68.59406849717895,305
267.18453694621314,254
274.59631341248166,222
286.284739740128,296
260.6394816448251,261
-330.97620652315015,258
280.4897280862187,255
98.37108198155329,357
140.55085918378919,235
293.50669024899025,362
282.86311415222735,248
-27.616228973884134,396
163.81310579376006,214
290.5434506533255,268
166.63665001561324,259
215.6666645686621,217
23.9475343412349,236
130.34906266825982,206
230.25241906023336,202
266.26415828288015,250
269.9068079512481,186
242.00064511755232,324
250.86059010826997,274
262.1979742321968,188
268.7773354939542,228
135.1089075808092,251
305.02783303632526,235
255.8356858041389,216
236.5508960203382,251
228.82697274960333,235
266.4438684813124,93
161.1957197004209,262
137.16126649793844,236
133.40746605616204,253
275.89903829956666,273
300.7557006966806,181
263.5068837422498,209
246.0741616256926,184
295.1025618715414,385
268.42368428879263,266
251.05171025315138,273
279.8518056842445,93
132.552498003763,287
245.5711911597778,255
142.76664677578464,358
258.17552149507003,207
262.2748122136369,376
245.49354097658565,195
290.94732290319735,185
302.09980534449807,255
254.57481985853377,184
263.8613575388589,229
161.54463312369546,385
300.0617526323149,200
288.183604819659,233
165.98856908345903,205
256.70088407567414,246
103.68671722448576,219
319.7750515970022,375
287.9576990572594,485
273.25818442250284,232
240.15560394238963,198
247.9335587883337,221
-143.0036594473823,241
-2270.3049331232733,210
288.5800581078434,264
231.14385599099182,380
301.4238586141407,358
271.63462194159314,239
245.53914822527682,252
29.18743500531894,243
258.2918719184421,317
254.6694370651108,302
267.974394555689,243
295.34002235264165,189
66.94525498877074,235
-38.15409027677322,265
260.8649124182946,487
287.8538767376057,246
246.51123650749557,237
264.80182114743064,280
300.2035042723764,217
259.89946029246295,366
242.22044795986199,262
293.3981217104988,213
308.88533406226736,212
304.20204485335466,204
252.44280802374124,179
247.08170045376994,200
157.03637423914608,253
271.0600593632933,239
294.0663473300315,240
264.69415298672243,202
305.0038757740564,214
284.7317760935064,116
321.30636514646187,192
56.39060633925348,212
96.2516612637478,219
254.93446704478026,241
274.02174971654694,268
132.22195593554747,182
277.22373541424105,197
261.4088985744206,203
294.65777353701066,84
264.96670208407704,277
45.75446097955914,199
257.0690505257588,272
252.99401735660018,203
279.93998863165416,210
201.1451543347764,222
247.9875869953484,249
248.85780411812107,186
157.15331364554558,220
161.3874791397116,294
283.27071652545936,233
204.1236722988536,220
272.7152854754832,228
126.2377454973732,191
124.63435033856679,221
306.6850821029492,218
141.9152217952651,220
283.0413163726712,240
264.52587907940494,230
317.59909782845006,243
187.0125929272779,194
298.97014105048953,191
286.1359147751933,279
241.25860134469255,210
211.72264920813706,284
300.6230915877893,222
199.82795992885758,263
285.34801776352947,251
277.9814567513935,230
253.1644697664367,199
230.32742029339312,207
254.0619316819766,225
284.75190832174326,269
285.59932289351786,184
297.57242558259816,195
299.4700090811692,216
252.77481918566122,254
297.46852183076385,276
261.1143809339036,202
237.82514242838528,185
238.11427298518734,217
230.60686352733757,243
288.46852721699076,260
260.9355877963336,201
38.33556014477443,228
235.12673149435528,220
302.82707985192746,268
265.3017777961811,228
3.28892522336443,231
287.95134929489006,235
285.0247806153322,231
252.79961171425174,342
39.010948276552995,279
263.30120258712896,197
4.661365856382389,234
-2.3050005664290723,242
245.6802197223628,195
235.34863588925413,230
-68.2997796288455,193
50.721321753075955,288
-3.9930762505058652,233
287.3449372204327,179
304.37985931212387,206
-26.06290833302863,262
253.17582509834557,192
279.5566729847757,189
-16.00839945706062,239
268.63428611486324,208
129.3142504151335,219
270.1242781914997,231
-40.86093664700332,267
-106.15900803130013,118
-152.91507382201385,469
-57.75329909666767,242
25.243455995980028,206
208.1845551393276,261
246.82115934494936,215
61.5245665701288,56
257.2427139450858,228
265.29041459419466,409
-28.471692857630785,373
297.68537636892296,263
284.02455128720624,380
264.0960670955883,349
278.8037644799941,127
-91.88424696760694,179
297.1571014275978,237
276.25260543610824,305
217.25160452528678,232
243.21118406704042,186
302.83033092127425,223
-60.608105377173615,307
261.9545906830164,254
-91.75262733834649,272
254.5610075039251,192
-235.5353848974743,198
216.84134817323263,261
253.9062468552178,218
304.7799478192057,232
128.4508645850956,254
283.8013586589581,344
252.57825185273515,264
269.96125536185986,203
243.78590010715618,276
285.7969536245751,340
260.8391244950335,193
287.5871692945471,176
-155.08901739587057,265
286.01463344142024,225
231.29051100124485,285
259.5828436507505,222
-145.1857728412076,315
251.8760169058841,292
236.219000932075,236
281.1933428236855,171
183.68308671904816,214
315.24697760550396,324
247.93099484162508,467
243.3514819577547,263
135.21329124585355,180
293.8007878057283,234
259.57569614267436,338
281.51313190494784,292
261.405896620848,323
263.8154313340201,402
239.1166513803512,289
283.92012262057943,305
95.1430737093355,288
242.5846220478396
272.7016126406709
151.8654081141004
246.17434525183796
235.02316436396057
242.99849718991874
290.2719432271028
237.82831496999475
116.03456569624707
58.1621407511031
261.0568963387493
255.67613566509422
130.32048333140094
171.75566718845215
251.16774643539844
218.70194266894146
292.2108295006284
258.7714391513843
244.72102304232683
303.1509149839062
232.32066797804166
251.63199866208282
180.25372273049604
249.7458317184785
258.4215612507799
254.97816155626995
325.9080608046782
246.93710857920095
257.59751811764204
273.81552410357256
249.34522968077692
233.95890388864163
-177.32156913966725
234.67981759021063
256.5216652467609
245.0757677863285
16.98766905960484
235.7426342347673
288.8672355178377
4.371825621157498
281.8822528106617
261.1993092461089
257.62428169338057
14.884024284221724
-1.1788789249902436
194.56273790764953
131.72055003240365
286.07567698575815
291.17090263223383
252.87172077238358
265.3716215972323
306.333918140196
251.03025997797977
16.31322045870519
258.56338240695015
271.43049768489885
258.18382909045044
-0.12284357893415176
265.7462173759201
290.13132468410845
274.6376988007446
286.9596631501744
265.5652612449444
246.59846499350692
254.36749999540046
247.99293809994367
297.32139428525727
154.11010415121513
263.4173214776646
-473.7754103869653
57.639804934209906
253.9479938139154
282.569139853515
247.77935731090554
20.00338941496686
156.6447407037973
286.1671857260769
285.5214562075298
314.149490926494
265.39317003845406
280.97403792004184
258.4449465206684
261.6974749488704
271.4053895487597
263.37972079074245
244.3240243942642
287.78737408597283
278.09841940565536
271.3791548610753
244.6119081678122
287.2044558862666
275.9356566878697
222.54746905608067
286.51078970799216
262.08481289166406
175.65258169654118
229.327795261483
257.0290468605439
241.12086829093997
132.47131667990024
204.50531800323398
276.3810587503925
272.5474742262686
12.11647554100378
-118.43026467431447
268.07520204975754
139.28585184101382
236.8539934961764
278.06079110645686
231.197617370093
254.2192867177487
257.5159036047977
248.39399149872912
185.77721543518646
279.1491319295551
286.57534193170676
255.6518468212848
280.88970346566674
269.5605037587079
276.9029325520518
295.53308610695774
263.2135355240127
267.5404835558784
276.5357369968217
239.8202312291928
258.1489746746921
241.6803692024136
291.53015494449807
275.5654377246716
272.8200255149934
261.7141520523724
248.05636406400635
132.4924655315468
284.6404868888817
307.1670021228396
287.2258146486121
270.1396382358061
278.81157412330725
281.39594256707096
133.53279312083026
306.56464793973333
264.06931886949474
275.7139542803162
296.09639018302835
289.57818673732174
304.77216516655164
279.2225954275561
268.509577951393
284.29776294073537
242.53261337819933
296.15748044035263
247.55579224587058
280.8420655778726
294.1983118189048
313.482690943129
245.83598708931294
287.3064506644584
273.1861609741867
287.042898820118
259.8869108902088
252.38303851916916
159.3774291860203
285.96288318080053
274.32300281239793
185.93463580499215
272.3944568888221
240.90794117515736
233.4525956747243
282.59954210705115
291.255591346381
248.62226037837303
243.59125125075377
302.6072806033569
148.3853346353374
169.6652289997956
240.56404365935452
254.40314253349058
261.004252644934
246.22730217827507
135.01914302027464
293.8796661335611
253.95161881360724
254.65977395002292
260.5717138635116
238.43850215179478
297.55318668360076
290.8310658502603
260.77286950639603
58.816775009316785
298.7268802895409
263.9445239310861
265.15316407272456
277.98419321076983
254.24331547704887
269.54985639422387
295.61586937654374
289.6204467735648
272.94522655817497
275.33891532656924
281.61718542604615
282.0886386105437
287.306197691231
248.2653924541816
271.95399236704566
295.2211553112398
57.25147074819037
278.6455631398235
243.6014740170299
272.25642382043316
282.4456126794238
287.15851203388
253.62581705929762
169.7848167541161
276.0692554148864
268.01967978272586
294.4374470480717
290.8508167632409
267.25515045271993
147.61120007595136
55.453394167860154
291.82881316318753
290.7823439677985
242.1030855070208
272.62454775052726
278.65763038204943
274.61227151220606
289.17162233406526
248.27953003915653
139.24555610396519
294.59044825301095
301.72960077620155
245.83157324446657
267.1455512857414
280.99794352752116
295.5043073183954
296.3605845678218
252.66621881167706
274.0590364831471
287.34499990280153
276.61556855860124
256.98838377497407
243.602211351023
295.62096235471176
266.7389321106633
262.08410271303137
284.37559655645816
253.25526175195697
177.34076885712355
155.95561248204223
255.990466645639
302.31273273077636
290.4016647503456
148.30897032941078
154.75338953765268
246.80499405219126
255.37786284108643
311.56761683541697
266.65007293303864
258.26015209094396
40.077899328600466
266.09067919017923
304.08140126949297
150.827284390913
-4.534236809155544
227.45931910164757
257.1880775690453
160.48093138624233
310.84221534955066
243.9296134892643
270.56723757537566
253.83075379743238
274.22145602555645
275.8862991822055
288.32468375784515
-12.228981911546171
245.55758908551576
288.6443904425479
303.1226605525174
248.96048106693735
146.68175055991742
281.9835437741443
241.4026299515004
274.3874850991813
289.4558844341332
258.5984469372032
149.5341846897682
294.7057030579929
242.8079664656858
244.10018950947597
254.63349387464396
147.9556723034038
266.299291662927
292.9372074917742
285.3381375463142
288.1462955958602
290.67893976482003
289.95264548362064
243.25777285808658
-12.058024546928777
266.32065916900893
295.06824353204
280.29725630638217
301.4359233409669
23.69668916504068
259.4278357160844
291.12955709041415
147.9715810014773
297.6639415981612
5.409915118991577
275.9166109370971
-1.3344337978482201
283.02429983467124
250.55277007543805
265.82494935374524
123.54512532487679
243.86529054181096
279.32444425726374
274.5040143835213
254.32691194739567
14.878573993113406
33.53876002056097
254.1763304905566
284.47999304375224
262.97356603515686
279.415774343961
286.0401343989971
255.40705741530346
275.6138475110707
257.88626456403836
247.97344416561288
236.36716013116495
290.5325630358939
162.01853227470951
174.71171303327566
261.6286630228609
257.89659187614865
113.13014894847473
261.576558395136
288.10759491937415
258.8166922354436
257.45424463857
28.753490340365545
240.47209032564254
94.93919660703159
-147.13679452475324
166.95586116564047
-3.081855919450092
153.17477521065794
37.238803454479296
33.59574266323196
261.26173605139763
279.6866049260633
154.94278618220653
232.80997250190882
269.78323028197235
110.19287827978833
-20.158147433557346
-4.892802084579159
-468.37612327937705
29.860792029030847
261.4626325902968
262.6627014811943
-63.97642791886223
274.0745368683656
268.8957167200117
-347.7504911932915
256.41728906511185
-130.2294221859464
-156.51969959472152
6.148061229914546
-116.79847631512152
56.481007592954
293.09530585622645
-63.169932021528915
-79.08586353895879
38.71352954951726
-171.27055761945792
255.08444671231382
261.19313528686433
258.0390865311857
132.2385223169154
-78.99404916608853
234.0704158324525
242.32142067081602
269.1579464862625
225.8913752480202
230.6042684795175
7.53441206258789
264.5702353705481
286.43587569503626
258.57786928042384
290.67770897355575
269.62423719171335
276.1771051064163
240.1196152916329
277.25998832012965
-150.74756497153402
229.7643559770942
270.64798803914437
258.9744349031182
261.6587982772492
13.556459955289029
282.5385099299628
-8.847932254808796
241.87354993887953
259.63340212422133
237.306964430654
2.0518900021966147
266.78905124538073
247.1729860467967
167.5352838275282
286.3341426758363
3.405357928871382
0.6670489536371491
247.3094822155727
-81.27645785716722
-8.817080565043142
302.5375788173009
120.71266034329159
240.39159683080766
235.33765857291695
-51.83195823324718
-150.71568855666607
264.4823867563513
121.77957960275687
249.24592018994576
266.57325718337995
133.7072146049365
116.89521759063602
230.55264949998116
269.8772454720405
269.71185946959747
72.0441370026631
-234.76309355704916
157.65144982600796
110.91128857393872
190.75729113985142
270.28067112759265
142.59234985595415
257.66117257069516
-33.832524193017534
129.55562143027075
150.89470407031274
238.07890150325815
279.2222735271473
145.70890852424654
186.7015411819638
256.4153684443411
280.46804461638806
273.1524214092257
215.96538786070525
231.3934041641277
266.1246235431707
272.96832592715884
220.38241273942918
235.3520300708188
195.51540335193044
271.26194193366246
267.3367972007975
122.14713890423002
270.1857060245048
277.10416207113695
252.66331708541702
237.30877691825447
251.934241083121
251.86028439757226
268.1201093633949
249.84104121535196
269.07385387710394
238.30122720103628
289.48282611914885
249.98603403255402
264.7401270486039
269.9621797129039
241.5220961973216
146.92313373824385
285.6014596116723
264.9348872114822
-625.8871148147965
265.946146956457
279.7062652827701
288.8359095686357
243.09282795116454
234.58859004652882
212.48732292164522
268.6933012151967
300.6379590217518
294.88732552882243
262.2092549682622
281.2130705814185
125.90641616809647
250.09721722644574
265.702567464308
98.62629302074546
297.5709959304126
270.81300244934334
251.99796191142164
228.0287251663629
231.9055540682603
258.01133588410755
241.26690075993957
240.66795916072465
301.7738795501243
287.5449389823848
290.277629879699
246.62627634846308
281.9811035979118
247.77477502239543
248.21322378825815
242.3287405696546
231.45553415028957
149.13184820756666
273.0228302881368
321.0132218886829
283.9185145592721
262.1004839479327
273.1566730342863
294.2047451831721
266.866974268441
272.7362322504457
255.7022162029631
-189.91153126692708
278.5518290004801
252.02612017885912
262.05291359443646
250.81836414083082
264.3905250218536
158.7978785491224
226.19401385043528
281.4371609679374
275.81808132963226
272.77755977944787
262.4442605811331
249.61765147097637
227.78527685534198
272.7410573662843
279.23604026774655
271.16494085792107
282.22143809570537
0.42039250473642653
63.64011061410835
266.79518277231125
284.00986688904953
118.43583646523415
222.31050257461567
277.6631711777261
228.78907317114778
259.9764138685955
230.61398961650445
253.0245751753315
241.03218649846272
251.55905506696715
271.594608629757
280.6957009174092
284.7274295317663
265.51741352733063
251.6325446587016
313.6963868764352
267.65403379768986
244.46008756856176
288.11128126138937
298.46949279566786
148.56605800340603
250.40044912579117
271.68903605718776
247.15923325744876
244.6745429794687
257.27697282816223
1.2091629247694868
163.84281580754774
61.2116883367309
-151.12844402643373
20.240594014964827
254.6433654455345
291.72197575844405
-34.1230571496836
253.47123361542512
252.17425860521996
129.40265413874647
246.00593673753986
-110.18901625533624
10.548765487870824
262.72725574375204
244.03240744869527
277.0304588749382
273.7891479696875
119.95026763723806
132.95771950126522
265.28984270061756
208.87455577224588
245.83725293951596
174.48772878208442
265.04230570101186
253.9477008280957
241.1665985525565
303.5712049845728
140.82639388301845
270.41689062954845
251.2562158091749
273.9884699076257
242.1587844263509
-32.65619805887194
241.49183490558923
-51.59054575560836
251.14908655214998
266.8899331817152
272.9638607153455
-209.52282430843326
239.31018673178434
151.5806584784823
-30.166791432693245
286.663546776561
245.1142144754483
-93.87463491132486
249.09652818456314
268.68605311861904
260.4514563655165
242.41958332460246
303.9135223696739
-148.61919703419903
263.0151555490397
277.8963820629109
241.77117917799447
267.5407171764204
256.69929239033934
249.45587333683284
269.029232493283
291.67433531969914
278.1454104805888
281.87732182368734
293.39208560478414
265.7805047761338
-18.180552506667368
290.0091063563126
281.02522972212
287.49639526324137
295.4607594672092
246.62212829119264
276.85979296647076
-28.306214442436357
283.91669876397805
240.7150869774809
265.41133463802294
249.68882339661465
260.22752225619445
283.41457304867345
271.4775749570892
273.88415182292795
279.9668396663526
263.5153489727245
260.57695165459904
287.2507171389342
259.49567235174186
261.20911769369604
253.53602158117414
310.9622170386599
272.7281152900106
272.4604161800628
265.38904295253644
260.5215664315417
284.32222289202394
271.26491761904083
278.84392515300055
265.71549450046984
253.6693137111115
263.17861718752056
275.92038988162744
279.550320960462
183.35353459384586
280.98488503392616
282.32991199047376
131.83254805068225
277.8995569073768
291.03481887723905
282.37010263890437
280.87355568093955
283.6970344343431
245.97446022708698
272.8621611485387
285.0333367245332
264.77018884941566
294.9676816025042
274.4139921038684
189.98668665145084
-4.656328081837813
278.4368084653727
167.27114246305356
278.7687806002782
242.4423530167095
161.12069796037636
297.46979282064297
163.63963229968482
314.9211280293195
260.61440126997485
265.581694585538
282.3816471150286
278.07914416570964
174.6798900488629
258.93405785534765
-23.70629958468875
267.34667046642767
267.61639254160673
274.0173359192871
278.64986055602935
248.17317328318987
264.7316167733793
283.6873572206158
307.88249802878494
277.36348741915253
235.06504713027053
291.9880003019964
292.2246062766782
285.0443552142343
245.3626256557725
257.34925273073134
237.6728112513441
292.3148191867757
295.6275348942395
252.24909080866686
248.2637738885644
271.4431704706094
285.6627121082535
294.77915125653976
254.37842046501333
287.5919220016715
-327.59235454376505
283.3236595617885
285.7681159815554
278.7991081798779
243.17220189348114
276.90370365095487
306.92622962573466
291.7015331898541
297.4299080984423
274.83430963116757
230.00074422350315
292.37715703578624
276.2772321535816
296.10964446835004
266.3078494923028
291.30873333501484
281.53713211596335
306.31620848995607
240.85627715931932
273.9793682343461
272.58662204604684
259.9476482327736
273.1102171818121
320.1489950134476
276.1663303639642
241.01601255447792
251.68731459642345
3.252915677142994
284.67681771943535
272.29596664354995
246.6955045544705
258.91460571255345
301.2427228761222
269.10478901443753
256.3275343799154
274.38150389519683
-122.82158836735252
281.144158862744
278.8224870042494
317.54739437711936
281.7134173772492
254.88402537892148
255.66158820537734
287.7022884965428
250.80377562052212
282.0198091787537
300.6067955910765
236.74492751707882
280.0353728976859
274.3447096593372
309.9857360864964
300.48036740583643
264.2112626691994
263.6328753208984
291.9432108221347
270.29984017596075
300.7476219638936
287.4364923416137
271.00319762880986
258.396004022258
255.4898491457391
301.49384962928997
293.164973565275
279.44495253101934
269.805343971418
277.12925071625483
245.65497886906377
256.2690511617376
271.46827666965555
282.40127660059784
290.957983126375
272.4977122795924
291.7615917660442
297.59731216564177
305.76307204908017
300.74670669807455
262.5220275250225
303.52075341250224
281.6743018106306
294.7810582472689
258.454700250285
291.62659334344784
255.85383627902507
298.5797882031704
291.0937120684926
265.2745421732804
297.7327081576891
280.79832659114544
257.12516340913635
261.5759231341623
253.08736687573514
276.69887278970015
245.29571202296987
252.91386985509155
284.7221189664921
238.01761403532046
305.13140105290273
287.5026886710357
302.5391824628924
288.75436837774413
274.6883257096431
256.2867501895456
294.22916425928804
293.21581240214084
274.2761236243954
264.4100388369121
300.65108762937274
269.0735412020107
52.51256360620323
295.8012132936588
294.1086557728811
267.20872638204355
283.97118218335913
165.23420079156546
273.5442503071171
-152.14186317079
299.3139208380116
268.15991570064375
279.8456379420038
286.47947926587426
277.3165743796999
287.13381768705585
24.10030409454066
286.64746977552136
264.69251300441846
304.3951754831594
265.5224966474745
283.7698963379918
308.31509576004305
246.86865157759146
286.40627031369314
297.09517035459544
269.18379984485324
277.59929802519866
260.8529971444684
288.37306634696677
316.07146210148886
294.8742338018126
272.83381386267376
324.65182161497756
254.15347519116386
279.26351769203444
262.7686790002514
280.11743596487065
266.0682968344858
300.8633376219931
275.1978134435664
246.05668517150613
287.14574504558993
271.9046470032714
303.4304466610039
286.03806100681277
307.3932623409428
255.012975141444
124.65430237646353
268.35958219914414
293.24177616915694
272.30606823469935
257.24542024378945
296.8905073000431
276.3546159019678
273.0706580083122
147.22383170573923
254.88658133782997
169.57983416988532
269.02263895050464
274.9972301558138
128.80514412780718
109.28323384376834
280.4824172640224
