Episodes = 1831,alpha=0.0001,gamma=0.99,epsilon=1.0,epsilon_decay_rate=0.998,tau=0.125,batch=3264relu/64relu/linear,Adam opt,Loss mse
episode_rewards,hundred_ep_reward_avgs,episode_lengths
-107.15895951736913,-170.90681039214257,53
-250.4919004111912,-166.85609688662953,78
-79.7383577790235,-175.25249802870323,113
-155.54750240777383,-184.9067195222402,86
-98.40033234871854,-188.53038592571858,73
-194.3675627181849,-186.38387408013855,73
-83.91750995222137,-190.8577059188241,108
-337.2889121826646,-195.70256244270414,118
-313.9782554688036,-193.5514519482575,98
-90.85444159113369,-189.8143560398272,57
-160.56204509664627,-191.9647134395618,112
-349.5643231805202,-196.67724169679016,106
-162.08697530432084,-192.0927171912984,110
-381.4570266105473,-181.13390207609373,107
-156.34250544970803,-170.17889508816683,87
-306.32889362132266,-172.23922254349839,90
-81.22256550100495,-171.33487648749187,111
-97.66446931639166,-169.19063853446963,75
-130.8816029009605,-172.18812639851743,76
-123.05577115056246,-174.3788143209509,90
-65.18885258885496,-181.52705380719087,75
-157.5902202170356,-179.77631690800825,107
-360.9407175255994,-174.86783564296212,85
-45.1788878626336,-177.2927361949517,59
-137.64886824243644,-179.11318050639434,57
-43.118120899010265,-177.14141568959388,69
-116.23078036802498,-175.08646553584813,120
-113.49346579747083,-178.88256817962207,126
-136.0409505265065,-178.6285801209133,74
-277.03277543588104,-177.40231440982515,61
-117.79368582562715,-172.68990567190266,80
-72.83138159955068,-171.9298535097286,64
-86.35559307730881,-177.4326132632623,76
-217.90435308880757,-175.07080269042027,69
-242.64093828304647,-185.0344245295995,76
-95.00559358940717,-186.51456052384137,94
-140.2127671015308,-185.66149465658586,88
-116.62117347335084,-185.65429684797934,111
-175.65422096438823,-200.55046250292028,125
-89.97153299322912,-200.2381274178876,92
-148.27260409043114,-200.2064661799014,70
-220.8178944914599,-200.04034502672013,73
-134.88612967376164,-198.35884264330477,123
-373.24600173436085,-197.1252194716522,92
-226.51092422702314,-193.66945246328444,114
-116.55587267454865,-194.29313266481844,71
-312.8221708873824,-200.3397386824676,138
-87.72462779631462,-192.7387974455525,74
-137.34394762256602,-179.61706831205552,83
-115.90597260652646,-175.34847178992402,100
-184.21021103026055,-174.32012990594765,73
-110.78595317623447,-172.5910393041165,80
-130.43206079683284,-177.80579477974115,81
-114.88472931138895,-174.4818557903919,106
-229.64474594719212,-175.36173059211225,99
-280.69410076984184,-173.57231474445663,102
-291.27209629129766,-172.35154221460445,106
-114.13069232680908,-182.27896226858272,52
-315.84019445713,-191.48295005656644,103
-274.9383639625288,-193.3401716662306,112
-82.22467806697016,-189.17297575360928,97
-222.00711360011093,-193.37284139557804,91
-282.27020911180625,-188.12465330907386,97
-141.535837642187,-189.4914167019896,67
-140.8116766478218,-186.5956412819397,141
-103.0373024767687,-187.31670533056328,68
-101.12028186594902,-182.53085068256925,98
-206.10965221508212,-175.96083640229364,57
-308.43389744685044,-172.02874502549025,122
-186.49772650312792,-169.5582697861642,99
-217.34595658334666,-163.50444947163305,140
-75.6212969254826,-157.66007071446293,61
-135.82193023966315,-159.90223356435433,110
-72.97958930226666,-158.81761727751828,70
-237.43942007634251,-158.47139459191675,76
-105.48253216675192,-164.34211441251048,75
-14.156271347276416,-163.494817903655,110
-147.62061241404797,-160.60357490036512,84
-70.87809438429659,-156.7867121624081,65
-75.58122346835397,-157.73799023108126,66
-277.1900966102874,-162.4030247946849,123
-278.0772642150531,-169.423155734126,112
-39.62417110029401,-166.53277724697196,75
-87.15416221396637,-167.61052969231113,82
-122.1630756978285,-167.45671551628354,68
-11.290205564736766,-163.04213771641867,83
-493.6290655062549,-165.17187699702663,109
-244.53201369262354,-171.9115664090214,146
-393.97880786029384,-170.89978403330508,84
-145.59164261475786,-176.67759210083162,172
-459.2880517894154,-180.2647750988087,139
-211.73225292848318,-178.85122994785397,118
-94.85336621258523,-180.0217181191552,58
-227.41165131855846,-185.14824478871824,83
-82.9283134670952,-185.40291727520187,99
-101.76027814596458,-188.2097651967197,66
-155.61112272478613,-181.97233736488425,113
-262.7257892893588,-189.74773181497642,83
-14.408878779746274,-184.5286256898887,119
-174.04502668246784,-180.32636837529557,97
42.95189155905325,-177.56888877838173,79
-270.99868724453034,-176.19365572257774,125
-122.03087366110928,-180.41050199213507,85
-94.47529719006063,-181.10437341720584,85
-134.3328026047268,-174.9481479193394,86
-136.9114814398883,-173.7094507411191,116
-198.88101805387305,-173.73556851473694,78
-248.36552561985397,-168.05880936137132,135
-13.928260542025384,-172.72900153959642,64
-217.6518762019833,-184.3205085325272,85
-213.546217850619,-188.18296421031243,74
-122.8305844995038,-188.72703588511297,90
-124.93438354058617,-185.92937352237053,73
-108.60097400414114,-183.75880411215547,87
-152.97428966749018,-188.31112823723495,64
-215.54178868386592,-190.73608667820622,75
-100.42455200704143,-187.75022287797202,80
-267.03186160248526,-188.89773015595034,77
-95.61843584094218,-187.87906070973727,88
-234.4035970262854,-176.33227975477948,63
-121.73436070834367,-177.99566468368917,70
-363.8241299618324,-181.3236851931909,74
-106.58358717946965,-188.23743092627984,95
-164.2789059685626,-194.7146387809841,65
-420.890787649576,-190.00959881839478,96
-38.26276643274126,-191.27963898787894,115
-101.24326290824625,-187.43776268428155,92
-324.5303929627251,-190.53324767646131,136
-213.066836347418,-189.4125110026416,80
-306.12704086784373,-188.92020257998948,111
-253.29604339240433,-178.0778137964365,87
-356.7690249075458,-174.3700804368766,102
-60.37604540647806,-172.5664602497853,80
-163.77264592111834,-168.89416225789216,109
-137.5441929320612,-162.69412983934524,77
-487.4049866867317,-170.13589544262547,112
-190.9132504082334,-177.86591192607028,92
-135.36176066567694,-179.1556394426855,90
-172.33553868040795,-178.24341440539968,76
-349.14788888833004,-176.5759758156789,90
-266.7880548533656,-184.12218390066977,102
-470.4550052038513,-188.80395271061386,98
-155.77315805271496,-192.18909663198767,93
-229.68133719005408,-184.8205047624164,119
-388.8499743773141,-196.8371867887978,115
-97.1039068375338,-192.989688793735,121
-99.97493592789382,-191.66178591197314,79
-132.77296596411105,-197.7326960459733,86
-135.11819869997342,-197.14416921050872,110
-412.451037929348,-203.92222185082474,84
-114.2722659694171,-198.7044374015153,85
-251.2199557076573,-192.78508888839875,95
-395.6278149450969,-192.97418069120715,99
-126.55297621810969,-194.61437322398953,57
-208.42252178042054,-191.46572009107575,99
-172.83903117114485,-190.20965055675111,70
-118.1000707969287,-196.9932759202881,62
-94.8224598136085,-202.04712205840352,115
-42.34885891840146,-197.70463789034665,119
-332.05705252656924,-197.811457630439,129
-90.1912216335846,-206.40661491529812,86
-123.25094524608784,-209.18689650630273,106
-359.8693779135291,-203.6577175327107,88
-80.96710243915997,-214.30773731617953,61
-252.93267006919766,-210.86616046449123,109
-214.84354567039236,-206.93071701000753,78
-167.19396933635738,-193.47208312887935,101
-82.2342300279752,-179.58196082616138,68
-506.0385411335294,-178.0250804244598,94
-104.31432943492656,-180.09890853172124,78
-329.786848174073,-172.8199155107629,112
-79.22305481986737,-180.19712418716676,113
-232.56363673686582,-178.95399900096658,80
-352.41291576049383,90
-255.99191529867642,94
5.714107541981264,92
-89.09857063241041,61
-120.21424511658508,95
-165.90013520044144,101
-217.76108352472414,117
-129.96112974774968,73
-218.40579754745676,78
-187.70001698842,105
-99.72183205290129,70
-36.789278086775795,97
-130.37043450953374,108
-145.16997295677794,68
-115.9821135102896,83
-306.37907995681735,91
-202.4258672822657,71
-435.1750627401855,88
-259.29111585134876,97
-57.36774968426438,73
-273.9986474085443,74
-63.12309766107614,58
-110.06547871481486,66
-94.83980907767918,89
-89.15979864371435,66
-91.07702814449438,85
-276.31964347261214,119
-95.81277183688906,88
-109.78649497670192,70
-91.14668437111185,79
-91.57010382178422,79
-112.14823834472685,125
-103.32588478977543,71
-404.5638231587494,90
-225.89055815519305,87
-53.40154614334643,96
-280.86714754678087,79
-136.9591896642766,102
-114.19909257271404,94
-236.09739511500533,105
-227.39424172608653,79
-336.1374945940505,105
-320.1857282277351,124
-361.7416283694751,95
-96.00518456267137,61
-152.5839726077648,121
-117.85930380576255,79
-144.955468864531,70
-118.0631912603015,102
-152.13129417044385,61
-197.10186704251817,116
-116.52012905442945,77
-67.1760096768221,67
-224.21956147233666,115
-109.03178835271872,64
-378.02731900850694,91
-119.99400781221607,116
-219.82445258729334,117
-113.19309715433967,97
-171.77794645659753,96
-98.97586988892529,87
-319.8313955366715,92
-78.73347850442097,71
-86.83343218988725,104
-141.3195617533597,81
-104.57448078991752,80
-12.853895466511489,90
-82.94670862788863,56
-73.04328748262135,61
-84.26909443375445,72
-214.66268975345793,123
-185.68629486081113,74
-189.39597905202862,88
-85.35194199793997,69
-111.4325545601697,68
-109.74640735267438,80
-134.9996361084327,80
-104.87999064158323,70
-141.24462861374099,82
-163.0580881292808,69
-334.50392021249394,120
-49.85591243355968,63
-207.28730722692947,96
-270.03268735401457,112
-391.339739780135,94
-194.6426245186642,117
-200.64007288652078,104
-109.69077222518578,56
-211.31082781038515,145
-431.29064908401347,98
-266.78678608967726,122
-116.81217823677449,97
-125.7916606965234,96
-284.1036548958785,106
-95.84515303748503,101
-49.10231207357566,71
-123.95719665660026,74
-186.40090872315793,95
-293.1316181762842,104
-191.1597525525812,90
-80.66184342334688,65
-244.7707457003188,108
-168.29780450183765,59
-196.09050325066642,114
-112.9723851312261,55
-116.91230699187211,94
-60.73494550551996,61
-158.08259718628855,90
-314.4251964142286,101
-115.67849033786639,100
-77.40942471138851,80
-99.66093506428288,129
-201.39981215222292,104
-444.95027451598,82
-81.54911980999448,71
-67.6787087976625,78
-219.02766850489533,77
-250.874678735244,64
-227.13357644557823,67
-483.98498221078745,96
-357.12563828871635,119
-81.04771553701646,77
-28.45616779394618,81
-131.7156263355276,96
-129.38614191537704,80
-218.390576022249,88
-241.10918490271914,81
-71.13661419016134,74
-230.48177546334696,87
-370.8731924405707,96
-199.21578448064093,85
-292.8400404435629,108
-132.44293910889448,76
-153.5444884519407,97
-273.2742982005003,114
-140.5683642182193,97
-155.16582210109144,70
-334.9304968602731,108
-94.31685513005344,107
-344.2244648553643,121
-337.18601033991206,89
-320.26071790924254,79
-309.6931291051304,80
-118.45017303419789,77
-114.0266240701441,90
-62.29659484782029,58
-92.38241711541261,68
-131.2525549200129,77
-44.326729344415355,83
-57.19183531134665,74
-74.1329330055209,65
-121.74920306093436,123
-114.86845610600636,65
-98.4668393124137,113
-230.10053948545442,83
-164.80814371055868,85
-77.78050937863064,81
-152.94732149493026,75
-170.61222401026185,106
-85.03799343407464,90
-81.66384249873452,65
-105.28348496378769,90
-247.08818948149695,120
-84.20411408379755,123
-256.22421009052096,105
-87.61621755391519,82
-393.7223493691495,108
-78.95504004114076,118
-136.81544247049916,79
-142.27494597784366,118
-170.44211339161262,62
-97.05803938565629,57
-102.08947908718133,87
-293.4084358477143,97
-122.25536912228691,69
-117.48256442912188,65
-53.54765786543567,80
-218.20497779669395,84
-230.7032418638592,86
-130.62923142385603,59
-256.0518812287181,137
-97.44940878163706,108
-185.07580289803485,57
-105.72638596710989,80
-309.6246021027732,109
-90.75922638466845,57
-142.42374322998722,114
-311.86496623623316,105
-262.2632397171898,129
-97.90572065321932,138
-180.57368494903315,152
-92.16977686362377,111
-171.85700225745308,79
-75.1378165259739,58
-241.76964803640885,114
-117.99940301430861,72
-74.5570786783932,65
-294.96280473592503,80
-240.38882368051767,82
-244.56431679385108,100
-95.99335169703285,92
-147.816129963573,80
-486.08139398649035,89
-200.40152973987148,117
-60.73511799181019,73
-137.4613596256599,103
-277.6408416826001,100
-139.6602131727916,65
-457.3169556472937,98
-131.02743612209537,102
-158.19842570105948,116
-121.03114520988838,84
-148.04053438386225,88
-83.66775755859234,86
-140.57827250207998,96
-194.23323893290728,64
-109.10099250223715,92
-211.26866306392955,96
-111.96021186219019,122
-280.85410136966425,124
-135.87412016955972,67
-90.45859091117256,107
-370.8981333696856,97
-126.85281772456568,103
-134.60438418413867,92
-175.15566772972582,99
-213.26251551127257,121
-386.6771742463675,86
-120.4293071655238,67
-133.7500492518884,110
-207.19543728781863,102
-111.98149817044313,87
-120.52245105879535,101
-109.96177867130766,69
-367.16935493311576,116
-165.93391880181028,105
-96.38744132117961,67
-114.97120864479801,65
-523.6949391475277,102
-88.84138955679958,92
-266.17927537483587,85
-120.17493065558098,83
-374.1437527679687,96
-206.20972665442298,125
-106.96277935967048,118
-93.74698311296187,118
-58.655962737407734,68
-213.152527682963,91
-133.49487293803276,100
-197.66959867574994,61
-67.31177133007701,69
-108.5411397949299,83
-188.65238782864537,104
-389.09373344715044,114
-108.0206852184367,70
-122.4629489997283,85
-165.4556814145011,83
-184.25089934141147,86
-127.44850801961655,115
-130.37778108592036,88
-190.6151846723547,104
-116.14764975951073,65
-168.62043054696812,109
-134.6974775271177,55
-151.97838241969572,131
-296.337105000851,84
-113.07852032415464,116
1.0821496597290974,83
-121.42336562250068,71
-545.9630137866434,104
-380.8682281333943,117
-105.28869358200276,60
-165.78425068210635,110
-194.68105190105302,106
-162.28992644148335,83
-271.720826088486,103
-171.39099696364244,92
-191.28091833510166,83
-351.6303609513714,123
-86.70267985151858,63
-308.1715820982679,105
-22.446827787791804,110
-406.7462913455228,87
-105.64228480677056,79
-110.4550433252725,78
-146.76584820322412,89
-322.92448532857657,97
-53.17669740321152,74
-119.36805379477403,77
-124.12040011366722,64
-217.14763817092103,116
-88.02156905980272,71
-329.77283036578484,103
-89.93306142880927,81
-115.35020901934777,70
-222.6067379863198,98
-103.74421151233098,70
-130.72703875453203,90
-329.53823647235384,108
-115.41490686018652,86
-355.3057664162766,99
-14.01860539908509,106
-108.3574354031396,151
-284.5711036040985,116
-114.879487384138,82
-501.3782446228291,91
-240.38745537977857,104
-121.47464749479022,105
-138.0105634185879,73
-281.9977739018205,95
-351.75802291785214,128
-276.9909890512238,103
-380.28152963183396,88
-189.81916229240076,81
-492.3544623580302,103
-277.715265659653,124
-356.0850676579564,93
-427.4587003375461,103
-140.13921441226387,78
-82.4348342482008,70
-116.94554076928881,70
-157.13142539175263,66
-224.0893209512663,72
-200.11475438084761,103
-201.42114120643083,75
-324.44715268684513,102
-168.09630260091436,94
-205.1360107448315,79
-299.55752570329537,85
-385.30057610617826,89
-219.0809547680911,108
-87.30582233512567,103
-79.32833975281694,61
-110.9426258972065,104
-77.51814120667842,70
-275.595484689738,106
-155.3433157200434,82
-126.86950093045742,109
-70.26035754464118,71
-208.57289538482297,74
-110.25626583519254,88
-41.16411800004883,64
-424.2698574864825,99
-272.8470231362719,103
-164.07052993174344,89
-105.23923349076938,79
-78.58172635010362,93
-461.7068255337581,93
-105.08787177047705,88
-62.777207928373684,75
-254.63472444166368,79
-92.34246671325067,69
21.552073737341203,129
-116.9370841244007,130
-78.9777823074154,121
-115.87717282318403,65
-329.92847035832614,134
-390.6944022589322,102
-130.97377235483265,70
-96.6728450669797,80
-81.6921876025149,61
-189.6353234085865,99
-117.68410695127966,67
-331.32076002446706,69
-88.18202204010358,80
-272.6782918645165,109
-96.35322734901129,71
-84.9970848700538,110
-411.33762452029487,82
-66.18074221341229,89
-203.5192702744135,86
-94.01413947940947,56
-394.3600770630402,84
-152.3053511083717,149
-96.13029306876419,65
-88.38937725407706,69
-156.99755987942723,97
-109.51706784360579,110
-150.88669998255966,92
-82.67556429376617,57
-217.07394121205914,75
-247.34301090941122,75
-295.9260598021083,92
-267.4731170254762,96
-376.0929095883781,80
-148.2320030323574,85
-93.90325050512241,72
-235.5277858355828,88
-378.3287835849858,137
-101.34276699028948,83
-155.78144608713868,100
-112.4546919816459,73
-353.17612941043717,110
-89.61390122249954,77
-92.7787128067723,110
-348.4475886085303,85
-369.17363910575625,106
-66.8043508218284,92
-280.40268460823773,97
-214.08238899639412,115
-102.27680489648176,68
-89.26552506581888,96
-86.2231294176323,93
-143.57343124331743,64
-76.3183062909271,112
-70.05670774887145,76
-210.92475512754362,124
-161.36042320967897,96
-273.38623491361204,104
-101.65300515108349,110
-173.77814215948442,73
-68.31563509000028,66
-89.94977743834522,59
-111.11340705418193,94
-106.01007869689111,121
-186.13823898851834,128
-231.2147710035092,90
-212.7552805388203,94
-110.52055694922396,74
-219.00386376409227,118
-96.0246212402509,119
-134.40193011668154,84
-267.14985481559984,118
-317.9002889505017,88
-124.2295387302089,80
17.105059378192337,81
-134.81032173711654,91
-228.48281784671073,91
-91.42627534610556,103
11.302212185183961,98
-122.98848472845614,74
-302.0915111352053,94
-149.76247752728594,77
-337.0149293396366,80
-285.5655821385072,103
-93.40383392659457,90
-221.68884749514652,78
-199.63487907462547,117
-120.0726063326177,94
-144.9813220936361,79
-144.17900765521796,99
-151.20677175468268,68
-144.1013929610321,73
-180.12863809369827,107
-36.45377924078991,69
-294.05409101762837,106
-100.73716445923027,80
-113.30767429888051,86
-115.93455230881729,85
-416.9246220263977,102
-282.6905628634968,75
-81.29158016484375,70
-82.20223099900915,67
-25.617222057279946,91
-364.2428457013628,85
-411.9340940732765,90
-71.5165977617159,90
-265.8387718697734,73
-93.83471719367428,110
-106.2197906020758,78
-106.80928326220283,79
-147.17545951919163,108
-47.43780081972132,91
-113.12638772654056,95
-300.85082759539625,113
-290.61103412878134,87
-69.7467813156804,118
-187.68095782303465,69
-156.09131024779776,69
-49.39446390868391,73
-139.18807880795816,81
-158.548111684263,102
-440.5374281831415,124
-79.11162810344351,66
-151.11490349058616,78
-367.6560416354519,91
-199.8725232187013,101
-94.70451062326913,112
-134.46828536043478,117
-83.86839977530985,62
-86.31966123496085,122
-212.50723408908274,138
-124.30448663215213,85
-326.56353502685005,105
-114.37049043684448,99
-289.42772454789036,97
-356.1827079378793,93
-82.1695143878811,59
-68.51144600617152,73
-137.7700465161293,78
-188.59155269039618,108
-275.6945614854644,114
-170.69482743525043,114
-223.59880571145666,109
-436.9796607740897,108
-72.99084162791006,58
-313.7467453885297,134
-225.969705013027,92
-175.84446265580456,82
-181.2286363921527,79
-197.17792598665426,95
-134.90791677235117,85
-350.6231219005043,87
-351.98235251247877,141
-89.55505314593285,92
-94.14281682675946,63
-397.8631935184451,103
-359.34460990379876,103
-350.4297045247698,139
-305.68773575270893,109
-124.47741757898403,116
-268.85101915221054,79
-188.14288340919168,105
-327.9918704226363,111
-340.91486522326124,85
-223.93896303334958,114
-114.50455528094915,67
-178.37947812561816,117
-229.11143802967916,131
-118.97963560861864,88
-141.04955017989442,67
-137.043585735078,94
-89.71245573630205,105
-93.47144269947502,67
-293.86254174308783,101
-104.80417953798676,110
-206.39058765858357,80
-370.9879415020087,106
-345.71939430458013,105
-110.66862932384213,144
-79.73729683729167,83
-96.16381670638941,71
-230.10669229776954,114
-116.303389488071,60
-115.05432099767862,64
-100.91164409277903,84
-87.33342591572898,92
-122.40434607220345,126
-292.8890371957467,94
-179.62200633393334,104
-121.84714041932881,55
-65.61822041046976,72
-118.74088672399577,109
-230.24542756043414,93
-293.3828656027134,106
-77.32951758582253,62
-156.0741213649298,131
-399.78699368265154,93
-182.60408416064305,87
-33.60274308773094,136
-200.40875564313188,99
-48.196988556006175,64
-111.96144484606631,63
-121.92616650043976,96
-186.53016844222017,69
7.71835722192877,63
-305.82146142481315,94
-257.50971816553863,62
-67.26407977173552,59
-138.47775360192577,91
-84.02518810474713,67
-114.77549097393506,64
-421.7842106223803,86
-135.94684743139214,93
-93.72967230494598,87
-251.63197166305343,114
-340.3816618323567,91
-30.310317018147828,82
-111.33116929371478,68
-242.8237084331369,109
-447.4876271805735,115
-69.38253069829534,64
-222.80356307412072,64
-148.33590873624826,75
0.2088803590096262,88
-138.157031058522,103
-187.59736631441336,86
-71.9078806680487,65
-95.44837244735446,81
-99.76877573541233,98
-318.06840548980847,78
-104.44488606010219,77
-118.05061181280227,63
-167.938106852403,100
-157.74128198494785,92
-294.15126289095554,115
-141.6697255088551,93
-397.5420117443958,137
-126.27344952613294,120
-141.34911454691314,111
-151.26297953711583,104
-121.60547193803313,103
-171.6098470604378,100
-138.2707143662262,116
-96.49993345215366,86
-339.0099081017994,93
-98.53684811018927,105
-107.74427058488452,98
-105.96276910787812,62
-192.38552922591487,97
-247.35019118892512,71
-159.8690304549804,62
-20.921963389088063,102
-201.7049101621093,71
-307.8402263739364,87
-214.79053381596032,97
-101.63584779874597,90
10.167244820996856,66
-244.26283892965054,106
-273.9148653943229,107
-350.29076597800076,102
-342.43398243477895,111
-446.60339705152313,122
-98.87214577312588,93
-70.6951653752663,63
-89.65292849216104,69
-195.97876816971052,105
-98.36962900298745,108
-150.2270691509179,74
-167.3429209326549,68
-145.19712931780668,111
-278.66246090179806,86
-14.232753082693065,128
-81.18177420646856,57
-91.88789067171561,70
-98.63765823893088,87
-196.27025380847743,61
-122.11746081025669,134
-72.96329259480807,71
-64.50334474457244,70
-293.2192922745527,133
-57.328134919778265,62
-73.15208890292946,118
-80.67404745794035,78
-131.68470279690683,85
-105.81030509035497,86
-66.18917661749146,56
-102.08013461368138,68
72.90742736178613,96
1.2775731754881718,78
-88.31656899624512,111
-129.729797695711,105
-132.92307229449688,93
-141.5635351890546,57
-88.9981395728519,103
-332.54916161725237,121
-158.6858088590755,66
-75.13460986515409,84
-346.3220265835391,116
-126.26690576931685,70
-399.5946041425345,99
-186.1849254963372,66
-101.1457185329557,97
-110.31767433402467,96
-108.23035949947185,93
-162.34156183716595,76
-141.07844106815105,61
-125.85451684741281,74
-308.96043300557017,79
-104.37104990102326,96
-383.485507911688,91
-172.22019449835284,128
-87.62859627115577,88
-137.55915082973948,95
-251.8976972653154,76
-197.54605914956838,70
-33.07179996866482,107
-120.32447698732625,65
-122.91213340788113,63
-222.75788002976375,87
-93.7166521505788,102
-123.48226690979163,68
-220.96261698271988,108
-215.66083020349032,93
-125.81062457067947,87
-156.40460207838936,83
-125.49059191133136,69
-156.1998746433913,102
-250.49844342320256,88
-246.6434614701866,111
-87.29566846572388,73
-107.01032982901516,92
-243.17443975661354,90
-98.42282493661011,86
-312.4715819759254,103
-387.438611348522,76
-79.9487693846384,98
-343.35716091962774,73
-28.44049832942487,58
-109.74136986753291,102
-164.38568464823112,90
-323.936183653847,94
-300.9945670426711,67
-105.97501949569916,87
-163.55886031593525,69
-87.8840716613415,110
-286.4664931500139,79
-125.8478793331507,129
-284.24310733128436,105
-119.62137769187646,137
-116.54672178925,68
-102.57014511194397,64
-108.33638897325649,118
-135.75518129434747,70
-94.43633337533069,75
-72.2810764124532,63
-159.9373593839979,98
-177.3532804097021,87
-189.45934253227603,69
-102.42129174121257,96
-236.12601569355357,113
-140.1730794147236,121
-409.65756335423663,115
-138.14856199094174,79
-87.77109996700791,81
-306.13684640960105,59
-95.48452190255115,90
-15.473015975730291,101
-129.1820226327337,68
-104.3244631306603,75
-88.09559989821544,68
-59.733577862900674,124
-89.25423721504924,107
-348.27055550881283,105
-134.83534322323783,95
-301.0078514289616,62
-65.52868516050715,60
-96.90501012069035,73
-107.27547540356328,90
-158.71868722513915,110
-91.07759904712478,120
-208.5684995208427,94
-78.53270121036772,84
-88.10099447587811,109
-189.88192683435585,115
-369.6800895101659,83
-85.246629323647,115
-157.0627000188705,72
-105.01030955214942,93
-123.04431869906855,76
-111.19361667490811,125
-321.7784237111408,68
-97.70398908751125,68
-136.65845779241653,94
-265.55308971212276,88
-477.97894715796866,57
-85.87567798527441,68
-77.87748187264016,98
-464.38836607689115,81
-104.37142293506425,113
-64.51959575977605,84
-105.0242168103668,142
-99.42790852004555,64
-95.9357751812152,65
-120.9856295582191,103
-168.9042119702611,67
-97.8913273738613,62
-146.13052422754694,125
-60.418205423794625,73
-182.6927373064118,89
-144.84435995724814,85
-110.06736152911537,78
-141.69860277502954,124
-169.6414422586239,94
-309.10875537443593,79
-169.6483192937206,70
-182.67435834502186,90
-439.57610791900294,80
-136.8631938568579,90
-92.8480832268298,61
-90.45859440497014,80
-108.47292585060111,99
-120.74476140219615,105
-132.7862425134029,111
-238.20732440306222,99
-269.5698210516871,92
-238.58923387315227,65
-83.6010770464329,77
-100.7101362321629,118
-108.88343966765194,72
-137.50362786395013,96
-455.4631496044802,100
-99.84331608476197,69
-134.756156829629,114
-122.7209912270402,64
-108.69453498565294,97
-69.91243965131687,105
-189.15843310069607,92
-363.7063940281515,75
-174.9056665343944,90
-366.59448354440394,116
-367.48997628498995,125
-350.89776474110505,65
-34.654005340826814,61
-100.5370061560773,91
-128.03788274980596,127
-158.9435228574856,69
-81.94713490788217,69
-64.7075132367112,75
-144.93196102384024,80
-71.1468085132951,96
-317.682781289736,76
-81.87070575272912,105
-383.6853821767179,68
-280.93206465416154,110
-337.5863157705552,68
-85.0050226857777,69
-225.99595679283993,69
-92.64337631175661,75
-137.66015609911628,85
-127.52946063279177,111
-566.1303922988359,74
-82.64169478540704,93
-135.81734448506555,76
-120.87704460731285,90
-220.05230225024698,99
-212.11397525463988,66
-86.0876191190024,90
-329.5725635060862,84
-79.60159944424487,103
-104.85838006743973,135
-363.41336634954445,87
-86.88298294678236,102
-330.55771373978587,65
-212.57118958502556,70
-29.410692609833802,113
-186.58395704454006,97
-190.03371349618885,95
-360.47756137965627,68
-48.96434072106208,99
-227.57916874651042,72
-287.4699926722874,73
-131.12953217445343,77
-82.15432462379118,111
-341.8072734066929,115
-135.13363913186927,92
-87.16707253495268,93
-130.82300707820315,59
-116.16922229285429,85
-129.50485600433313,57
-144.60234889262458,113
-234.52320839429768,90
-97.95465798205306,110
-166.53516058683803,120
-256.7854383191899,124
-101.32049933188549,69
-17.126900206446138,128
-475.9827232854312,61
-105.52456344828491,77
-114.9445930551983,102
-236.8903104007108,103
-288.43119600314697,71
-40.148525641115015,162
-218.1023864475266,72
-188.80148222815893,82
-128.30007377456926,122
-187.0480937986254,119
-8.18352839113372,75
4.318773402755582,103
-192.68735407279055,73
-70.01181286394481,119
-357.61528133634505,74
-213.5044660466377,79
-87.88146997943767,97
-327.275849627092,102
-244.32559881557177,100
-202.5547093142966,112
-438.0395647939007,76
-79.40396066138032,98
-286.0147957199467,105
-367.5123301833314,96
-220.61285015293174,85
-102.24135862952477,71
-73.89072879053666,107
-356.3653158518041,116
-389.8505862867231,102
78.37402460265538,97
-96.06563547659874,81
-133.62780738248227,101
-248.23095445628337,94
-157.79103210068092,86
-118.97680250635298,82
-100.72799354620501,108
-139.57563065392114,95
-200.48540536096573,113
-370.06756852517134,99
-109.91444643536101,71
-123.37602037743193,89
-153.16537373730813,62
-334.36750859089005,72
-92.8858582817877,136
-106.4428460009296,117
-244.47534646871824,86
-112.58416039776627,88
-68.6840335436507,75
-190.88341642530742,80
-129.063678789336,138
-178.63012991871148,67
-127.25715204576332,93
-89.75901438714888,81
-444.40767014360074,89
-89.01127403539068,111
-405.84340710468894,64
-432.2857932571764,96
-76.34658578664448,94
-261.99292066738064,139
-330.29037362338454,102
-369.8409439694317,101
-146.41933890967272,73
-244.05167016824456,93
-260.8367567648718,71
-106.90008744917023,81
-96.08961614599882,93
-190.05985570101925,66
3.1483337635700934,63
-69.60295057102897,71
-205.49996922392296,102
-83.2391798388777,80
-172.60295331205094,70
-79.50982054593229,103
-114.1388713766398,74
-253.53459497735466,112
-78.14904123814497,83
-191.26024829746427,66
-194.27804887136682,112
-108.71403781755232,72
-127.37763568895443,61
-69.74908082751526,106
-58.75051058627393,76
-157.95297797113565,83
-65.70620639682747,104
-240.30972166874227,98
-97.6482409722066,103
-113.360580305403,104
-243.3930905186989,65
-260.70308464034446,128
-164.51293670521687,94
-213.83130943123788,88
-251.80029791797855,114
-235.91803750736793,95
-189.02557447584095,75
-147.37733356255666,92
-88.02893437793958,94
-101.65581792196207,80
-22.036494888480206,94
-1.1763204991661667,105
-336.1707917331648,92
115.3676093761387,109
-129.75691375863892,140
-190.9386404932341,66
-411.38576145370297,113
-128.27074446080647,85
-87.86546872164908,69
-206.9461569467622,93
-242.32978723681407,98
-212.61698362883033,79
-401.3293533299876,94
-394.4187650080727,61
-285.10185882156645,119
-330.5321466187821,106
-110.89990387134264,97
-266.32861793091365,65
-109.53659496087374,102
-212.94035709024232,62
-48.757615227798084,70
-175.02589694356507,60
-104.18975919944492,77
-125.79568888704247,116
-88.60621764577253,81
-321.9814873402521,85
2.5067366513787164,66
-84.12371089881171,80
-117.43597820923222,85
-139.43192361031868,79
-239.4432183369338,82
-216.46136898598218,71
-98.34295129110265,68
-316.6147970137456,91
-72.54075905592705,90
-70.82586428287715,70
-138.79951919886366,114
-191.1230611900835,92
-128.5786814705513,80
-293.8751765427194,97
-120.7053658560901,63
-201.4044790287544,105
-178.92343856536573,74
-154.81721343076669,84
-244.07788231107318,58
-65.10632557417136,74
-237.3792440559505,90
-79.91446147370036,100
-111.73672091189295,74
-278.1102027256244,61
-186.97760569163762,71
-120.1201490168254,99
-123.71509644077442,93
-111.40233177326326,119
-152.1924177252761,69
-328.2809196981364,97
-391.8867289681872,70
-118.74056166108787,82
-297.0168954190973,71
-78.69163959655339,79
-110.8890771507576,101
-147.60421436496034,66
-123.50637630038489,74
-119.33957474888928,73
-88.7229726667612,64
-46.05260200526787,73
-92.28302999558126,116
-255.47864947206875,67
-337.5695804330626,88
-341.0809104916765,108
-2.3850453911835814,142
-208.02265097311493,64
-285.38342691270043,105
-496.1932046208865,84
-175.73276348134348,106
-492.77787085426235,69
-284.17386181617616,131
-82.70601354312657,69
-302.00364382755964,96
-380.9739349186309,116
-17.786011712878306,70
-386.74532402340174,98
-315.4400436073571,104
-123.61566347268369,93
-250.8364474822811,96
-262.7101019914939,122
-95.93390522338049,85
-286.90951283600225,91
-302.01068489974045,66
-109.01588305784813,85
-133.986230366368,68
-80.40897531824172,100
-207.09714165364596,66
-129.4231155418796,116
-103.56641388873261,80
-167.66445160449533,64
-58.845459516526034,80
-338.2647465041505,129
-64.85264082789595,97
-211.23725925370695,69
-150.4282199342793,81
-363.5030141113279,63
-102.8033745624684,132
-80.26249959216338,69
-119.65312300399212,82
-139.28016992427177,133
-143.22796740066843,67
-110.04638512734404,100
-38.061346568205884,90
-118.50945827829092,65
-195.26760222013024,91
-213.07733804161816,91
-161.60016709699465,74
-377.5824067185236,96
-136.56607054037244,89
-115.0329804003547,101
-156.6882888745123,99
-111.27864749908657,136
-122.54911716568216,86
-154.22599356967456,66
-306.09055748533524,97
-319.953072830172,97
-85.82525020412088,85
-312.46459608178816,118
-267.27688185906413,128
-260.5494503074066,63
-165.00285250968668,142
-119.11774980526785,68
-109.73739621756657,78
-139.5635308015386,120
-87.99982374743793,111
-231.333499608059,60
-451.5586512528397,91
-52.208384953155885,68
-82.43853869767479,60
-137.27162396981305,101
-219.98952930904795,96
-105.68567637686947,85
-179.75161101167078,101
-539.4675916179318,80
-145.57311138111444,77
-155.91573220842935,97
-66.9472264415782,70
-322.8463452879686,86
-246.42268858919533,61
-30.689542079423205,87
-135.74607003218358,77
-74.43721897371236,73
-151.23592405722502,152
-95.0747892975819,65
-77.12290298826406,104
-309.9779820443736,92
-95.84717657495591,124
-86.81422697207972,75
-212.8302082917425,105
-143.8064128134276,78
-334.2068983248979,101
-104.80998085628867,85
-266.4090042859863,90
-344.75993175022415,60
-196.496086702147,106
-71.94764315800965,107
-85.60822115035174,95
-214.08750312246787,82
-54.11097116562206,106
-147.4677248500086,64
-269.2260738480497,59
-319.0566601817749,122
-114.4424707793628,68
-186.09255012043343,99
-66.69109141006955,73
-157.77409915714017,53
-205.8284655366303,88
-153.76139141991385,81
-120.90393284561947,111
-408.13630841018596,83
-287.10433516033527,105
-26.140007587163907,103
-132.57645269017218,72
-190.33230110609315,62
-54.72873402411635,104
-122.61213478330156,88
-140.17201395835866,87
-297.14835634448303,135
-414.6191507546778,64
-326.19962849226334,84
-126.37035637251955,123
-71.34640139872116,93
-223.9359657366882,137
-192.7707119539719,90
-279.0212415545741,85
-38.33947250681351,63
-221.9887691103142,94
-124.27134131211326,78
-95.03310447365924,69
-141.7936123710642,77
-159.20555335744433,115
-191.4885972674369,95
-204.29333434692447,100
-352.4972845193606,105
-368.1315222104718,86
-210.53222496880417,87
-192.7567414533463,91
-107.6587717271209,90
-116.32879237953773,141
-403.5175751153126,105
-91.0726027062284,75
-278.61704916206133,65
-257.49772925056214,95
-242.2392976017324,110
-80.70201780548416,110
-115.60893883547953,78
-168.29407729121831,102
-256.48255041495827,84
-209.51303159823271,122
-239.83237206908663,90
-104.38305634316968,124
-295.77827488230236,89
-140.46923366702282,89
-457.1650562634085,65
-400.76798596387727,127
-175.81097852506247,78
-96.73412271222061,57
-413.0590587338787,151
-197.21681854632695,135
-177.68491435332356,129
-29.58987683876984,126
-276.46155105321606,72
-366.70267889325186,68
-42.43908735789236,71
-128.31579925355774,63
-193.4801014628843,80
-131.36626054119682,83
-130.84334763131056,83
-215.93788019733512,131
-357.44571679108975,74
-125.7531407897472,95
-176.65082663267174,84
-209.7494654127125,123
-148.7046199435879,73
-114.46824014710708,75
-113.32430312547429,63
-64.32744211331958,69
-285.8914077626499,72
-75.32536148178386,112
-114.07699755544856,126
-89.58387858258318,92
-326.7347144808185,75
-131.8443190104961,97
-9.286271104118839,65
-35.15207425388168,97
-110.22350391830457,66
-96.37333418607282,95
-166.61255499163644,78
-78.3186139446934,119
-215.79353739413204,135
-97.95592649992192,101
-171.73583321204651,124
-228.77090662262222,68
-476.71781945719044,74
-179.35478090943184,138
-105.37661100157143,87
-250.27993634583967,117
-352.93314813567986,63
-138.44027039836635,89
-245.12041369917898,111
-80.71524994732042,94
-195.5992423073339,105
-102.35686223678213,93
-377.7238772290099,64
-165.62873116915483,81
-58.84497784289832,74
-124.78850188193024,85
-133.48581607761162,95
-94.87492326247744,79
-224.90555114058958,68
-356.07301306515035,63
-115.83096466342208,125
-116.24822589327886,104
-65.72921408272654,65
-145.50462278760165,78
-255.33760801086876,63
-118.6203933571884,83
-94.11225345674235,61
-114.05147770905305,74
-184.99267149244133,109
-49.618775255885225,122
-84.59090949267653,111
-85.58396798584567,68
-103.75486435986853,104
-125.26935613841249,61
-100.68135294166828,78
-148.37562879833746,74
-110.5821716955455,56
-184.6161449026232,104
-171.1260054266906,75
-163.12580421784276,127
-492.4719921431859,83
-114.90243157464974,56
-78.96962191329172,85
-48.676300213221595,107
-112.61490470295334,65
-136.34668179687827,74
-166.3800934333011,64
-138.0649237088177,69
-179.18551230218293,95
-94.33500353799073,67
-31.599299583290758,73
-234.42417562650633,97
-111.71656714677005,91
-296.61347006393885,103
-121.19492418306766,123
-312.43221193819045,93
-161.60874507485113,95
-90.95226114900481,132
-85.61487106916445,73
-329.8503173283052,99
-235.12730638913524,80
-129.29306928793955,121
-101.58196583837866,92
-249.9114315010107,101
-335.55483566836574,69
-343.09939738176405,72
-108.72140763695123,83
-94.50022108655988,76
-91.52630716496479,100
-132.1087972372014,69
-322.48796061946297,94
-213.90521881392937,68
-184.08342998153535,69
-89.15116247653609,82
-80.36967923903154,59
4.057706636408909,101
-132.23783519679358,94
-56.932574713969544,87
-514.4447074370023,72
-206.9317256828076,80
-266.201206252446,87
-123.01463085319094,139
-102.80147272661385,103
-363.2846244359425,64
-416.3724932265602,87
-259.4196987386264,106
-91.97840904522262,77
-50.83472421004628,76
-107.22643007181024,77
-215.67604306904707,97
-308.18399934249743,120
-124.88532782719415,102
-400.7106982366029,96
-192.66085842709114,87
-205.81603233739207,132
-438.4971573596234,84
-3.0022397993414103,90
-141.010388154076,93
-117.70835906261513,77
-35.38984936459187,103
-101.09514118336479,102
-70.67624510302754,80
-373.1681022970977,108
-241.73191531790144,82
-412.97028853961643,70
-389.7331962351652,103
-216.40578678314887,106
-98.28558321346772,76
-243.84724857450203,87
-327.16661793422395,133
-112.11691767309105,82
-133.73452601699256,75
-82.4873395112095,117
-150.3751138511471,69
-161.35074761899511,78
-350.62293395498784,71
-90.9417427704619,91
-206.51265365472187,98
-111.245868407025,67
-96.35540525735087,91
-204.9647162828918,88
-58.214222495115244,144
-174.43707699726514,81
-113.49324877835733,71
-209.37959206367015,96
-93.51986226675314,66
-191.74382716567226,113
-259.4848039105869,127
-55.14662850096178,98
-147.67720234009187,97
-376.57721041026326,65
-175.8207064442757,69
-196.4453971956363,66
-166.48279605467675,119
-105.45866138486488,80
-100.19052730187477,91
-262.3681325867998,56
-293.36664583984026,96
-127.92230072071372,122
-98.26352957944623,131
-120.80842114117121,107
-362.17466545495904,75
-110.12739098840483,87
-309.21306002099413,84
-104.07800805515613,70
-266.72534159512725,109
-288.929576185472,67
-101.99572419924375,79
-249.7814302183121,80
-173.36391736107345,82
-390.29682636429095,107
-97.62465048564131,60
-346.0408364151686,63
-73.33973857813851,83
-104.31598804114823,68
-159.2686803844024,61
-328.4327816140218,74
158.08342829583995,80
-119.32823923124955,118
-107.35473362856763,97
-177.13795850364193,106
-132.93334025263627,67
-69.85644301274544,90
-491.5969078167106,68
-173.65614045168547,103
-102.86948469617236,107
-109.08519443322281,70
-149.88101538845643,139
-373.1537995383006,118
-299.97653765729603,89
-77.70659471481014,93
-334.27288026098427,76
-414.5200045525086,90
-544.3413409887628,145
-35.57174238549081,133
-97.20027888898284,83
-187.84048588231028,87
-227.116376654905,72
-112.69404343578056,101
-134.1137180832605,106
-129.0360992005766,70
-321.0109541459313,97
-249.3733793136524,99
-263.81102121726116,69
-205.30477655067543,68
-306.85281870569287,132
-107.57798244994075,73
-173.64453510712332,109
-171.28935235068852,148
-222.6734570042778,98
-155.48834361729493,75
-207.44962188343055,103
-384.3795348347623,98
-204.8129013081127,106
-35.83441827640472,114
-325.6310776980191,87
-122.47614967021958,87
-101.62791570868981,105
-60.78278256099159,85
-266.365241598731,66
-136.87001713195167,89
-249.48902037828603,102
-101.93832276974823,92
-339.6955907796698,94
-446.44576042476683,70
-410.4876839821143,100
-379.8744031218715,87
-245.54608464332082,109
-98.09459068927345,92
-122.04116787227466,70
-276.1068614912657,102
-157.5055306017906,84
-349.91705849846153,84
-193.02489566480773,89
-102.11461097437567,91
-112.27508453032115,72
-160.91424661942017,82
-179.11404741270906,83
-67.03369172760034,119
-189.48665053843786,73
-211.9572560738977,125
-168.9767172158334,103
-229.4972844038498,80
-105.49908204820942,64
-263.57367270294526,131
-265.46182216636885,59
-356.26942871536687,98
-163.21916356133576,71
15.0614755223163,106
-96.35213576419274,70
-195.33250363885327,109
-63.331618729477974,111
-86.4199940284953,60
-97.06022979528025,70
-297.3053873231855,97
-170.0572521085329,74
-99.23250635091748,65
-192.91482687343748,71
-128.47503777823366,92
-110.5963600557973,92
-55.152591788124525,90
-379.6207431900791,86
3.733409467684396,102
-140.5123827188019,101
-137.81858352033777,92
-90.25466890613723,79
-231.5008593076867,70
-188.01355965545727,66
-113.13213701273104,104
-81.7468145702237,91
-395.630573540589,95
-101.3525748821855,74
-380.272853522276,72
-112.82245146478283,114
-437.22178745361134,67
-141.22534421127472,71
-52.448452200594886,121
-169.74002965394362,111
-108.4977034618116,75
-78.27610616344063,110
-192.74770928746855,89
-141.8078294467437,77
-128.98214688021272,100
-128.78697393394378,59
-395.47754134327914,92
-115.58141811317446,80
-249.20439590580187,72
-310.4221006074517,94
-179.5485371211656,73
-292.9937880032498,77
-108.85061402706617,123
-313.33911659206683,133
-83.81831667120812,73
-163.95252093021054,86
-396.3889049280242,87
-148.25388398396,84
-123.27629265304462,102
-143.09081272864307,90
-319.39434710407767,74
-238.72628774936558,92
-96.88488983540738,69
-179.45724067638048,82
-87.59220353143138,108
-257.9149163654523,110
-114.62294314192454,97
-215.43782289448473,99
-358.42525573042315,112
-135.3484765102025,91
-426.6398831613689,108
-222.59168934370445,105
-308.09206812221674,111
-373.4017981271833,97
-121.68705514912033,79
-367.8818804228963,88
-451.30144445394944,99
-123.81866190430442,102
-136.38080368880378,102
-499.88829354350713,78
-294.61850872946974,145
-248.33090909963872,85
-373.7703246516994,81
-318.3743195492741,72
-187.62816208805816,107
-290.22696241446295,116
-95.72941908971676,96
-118.07397366510455,107
-314.9222259857802,87
-117.03588166925323,68
-159.67140757565465,79
-228.30688422602367,134
-98.71514600726528,126
-96.04129458400296,101
-146.16789087435694,113
-105.32544433906493,87
-240.67184031022788,100
-290.10501714104305,125
-120.2110645551799,96
-175.40528862821702,72
-85.14373905928713,92
-298.46913777582915,92
3.0269775140439066,105
-127.24845040774026,127
-477.8504444655559,116
-135.97136099574192,97
-177.74102936318576,113
-236.18742944675398,98
-141.20654229024265,114
-447.78811151831695,68
-306.46823984674313,123
-360.72060451029546,101
-262.15111740649866,93
-11.593675418641837,69
-172.02664839905904,116
-200.05586173774674,69
-389.4892294800642,108
-73.35933918958028,80
-146.1491391213759,87
-92.1830511082104,64
-191.3158743849238,71
-228.82208070808207,102
-168.07827862236576,90
-5.884483210338487,64
-285.4707872302278,117
9.99062820520237,63
-223.62301953904827,137
-96.54795714463935,102
-326.93754707200935,77
-116.93273662194908,90
-221.81458130958742,119
-88.97736794462718,74
-70.27132408663621,78
-300.736450658286,81
-261.4211723706543,98
-273.18781102712774,108
-46.23096454529332,84
-89.2623610344478,120
-161.16628866300078,95
-121.29657889405016,96
-398.4781992734241,96
-601.6667568905159,87
-89.22959334969815,95
-317.75048242690985,78
-407.24620624417986,99
-111.24009425210686,98
-295.89483186572403,92
-80.26412733390649,89
-154.281018300977,86
-111.49542246525723,104
-126.17354430503754,56
-146.08537199150842,98
-164.87769624000723,106
-422.0409358566045,66
-114.73604814890864,77
-326.3666850676317,91
-137.4505111625113,62
-232.52261651883032,68
-120.86566184508021,57
-132.21950661534302,93
-121.97776101485096,104
-87.00842482089482,83
-103.48827268413642,110
-320.391892083619,110
-24.361161233914146,71
-310.38548373750666,115
-25.95204920579141,122
-188.35864744598015,64
-68.71021238979739,87
-288.99488021684965,76
-97.37484446916181,103
-115.67092727353248,93
-103.49139232500883,107
-292.47355138095804,86
-146.58079634374687,78
-150.07283391650628,56
-113.93077887817417,76
-45.737120547318455,142
-188.99769946129348,71
-71.9982051646405,68
-87.09607149311422,125
-184.469006101663,69
-102.80411333663679,113
-79.47190594704479,70
-247.47236828670177,63
-94.35031515526143,92
-105.72620875868735,56
-119.4639609466291,76
-81.15729105757461,76
-75.4606442396566,91
-94.39836332275543,84
-137.45617505852462,69
-401.7527435464161,69
-307.95088460443003,61
40.097853850667406,126
-217.56155555768737,70
-81.64549267310917,74
-141.33644216012175,93
-223.8105452304708,97
-119.25111999778561,99
-116.82770660871667,84
-176.31523280463352,70
-312.8313323908062,69
-297.51238551781677,88
-95.27755307815907,131
-208.26882652071814,68
-145.97544300748103,82
-345.92691496728014,92
-220.39726301619098,78
-228.44075709265417,100
-96.77241469552764,72
-341.9236016877029,78
-112.96995989856694,66
-163.6824628503773,130
-162.1073874324431,95
9.596481368521694,79
-100.2052933586927,108
-339.2304910549353,94
-101.22418099897769,74
-248.65063629919933,96
-165.82934549907293,134
-123.56324003642837,103
-75.64169072345307,84
-252.25057672700007,76
-363.68809625872245,79
-411.0898765816478,91
-246.88716481491406,72
-167.1356783245729,82
-111.0686052393914,113
-166.19545709964447,126
-35.71886122626864,112
-200.72262298009716,112
-194.38741201280163,99
-162.3477572038138,111
-224.53248217759327,100
-213.38170356020393
-30.216960197178153
-174.63028118074908
-269.32626041225114
