Episodes = 1771,alpha=0.0001,gamma=0.99,epsilon=0.04710128697246249,epsilon_decay_rate=0.9,tau=0.2,batch=128,128relu/128relu/linear,Adam opt,Loss mse
episode_rewards,hundred_ep_reward_avgs,episode_lengths
-675.9856663840774,-85.10621112724144,77
-545.8515575075264,-73.60654188948797,83
-438.18750930777156,-47.42896149282696,80
-122.50719207865426,-46.508483377877255,68
-569.788171836158,-48.36631282265404,198
-126.62329026671367,-48.6954361635493,350
-30.424346856610764,-44.96345033318506,128
-89.16203420097172,-40.71877771301332,118
-317.878614630366,-37.1144670236587,137
-84.19030666275064,-42.35962899666232,300
-418.93490163647675,-40.046209620459486,345
-298.351133736893,-35.844204074405845,335
-58.53363987314232,-28.441268595629584,326
-178.3092170671027,-23.391808961486888,480
-96.03878847750397,-15.384669052118364,165
-130.01898625608726,-10.880185113506771,226
-186.45551977037093,-4.430444265191806,192
-176.36470873110625,0.49881277457342876,95
-363.1224277493157,7.268345766266136,63
134.1687405060276,20.667132172386736,113
-325.8386160017606,28.178295769267677,176
-417.3812011674038,33.36081006286525,295
-646.1385515490812,38.052394055220695,409
-586.9734777210804,43.84012555218132,334
-422.28461361344677,49.45257775734012,129
-287.721155762254,50.4807823988087,171
-287.9087236286357,49.91568979479592,109
-103.5593113939259,52.96311966746949,149
-325.32084266341417,56.11960772395762,212
-9.583598634362792,57.97806933585879,123
-57.92402527936225,57.84886664900332,127
-70.41549144141122,58.96369975076911,351
-9.06766109398265,61.760353417124364,312
-81.28638538722262,64.8052519850919,117
-77.88573337984288,59.567277177818504,85
-21.98518117431729,55.92432297473386,135
-159.16918331405566,54.412009263875355,494
-55.87638350394392,51.95930726031936,60
-8.665951645641877,48.98397334714531,152
-54.56763593334009,46.169874563862216,150
-12.858994916685127,46.72619346212979,164
-25.736306175542047,47.5954622199633,370
-34.665202068767954,45.77079237030469,241
-37.84001369111493,46.74303786473582,312
-19.803020751967246,51.65191822150428,162
-52.806802438252596,59.753215683493565,172
-37.21848430298383,67.29352264676612,233
-38.82570618367416,74.7607179153079,149
-60.05215104545802,73.6168751564515,289
-70.49027059664152,77.58094412103083,256
14.609349771465777,77.98533036044921,143
-40.97482432161281,84.65099158245545,235
-40.79698148709999,93.13158152492554,273
-46.2274270492427,99.17105606272648,322
7.623266078650712,108.79624173367023,250
-25.249286885554213,114.51044535660274,370
-17.52075234519201,112.2648497980685,267
-64.29376432583253,96.69016543648209,136
-31.97013822917262,89.85808639599998,244
-17.033959541087174,84.96179389427127,447
-68.8551963244615,71.33920372666293,210
-59.314115207088456,48.66980400592148,202
-16.740857384580302,35.96567882440244,308
-31.4179329023857,24.85219295799235,343
-40.89537986238157,12.249264982494676,101
-17.34570599450769,-4.049633679125175,135
-56.065731658494784,-8.866423916785807,131
-23.524046637450045,-2.4158572929118147,406
-36.1962516640366,4.9514095469334265,221
-51.47576543691299,8.184230558575988,471
-69.37751699804011,22.695225608120154,497
-150.76326806662965,28.6037651739769,247
-17.966908505881545,32.68493601918732,318
-22.201670765537916,33.073178482988936,128
15.129890187084793,37.77298666925244,133
-156.5185121578557,48.02598730097198,434
-44.36057232913619,51.62306177998188,414
-16.61495445290894,55.67776327371821,490
-10.38282081285705,58.96076230666753,455
-64.67156476955391,65.72523002212277,464
-110.43245479756996,67.7111392424713,467
-61.040164985582365,78.45484311799518,408
-50.00695289475834,84.41161353738626,418
-109.32310341264042,99.9270320719531,373
-85.82466731708132,110.67314747626754,470
-85.36614931437546,125.56995061332894,313
-24.693188259426286,126.6281996919097,346
-3.6170079426485735,134.19246068670319,145
-15.95774921111509,137.92693138736703,116
-16.5625867366901,129.64052304980697,153
-40.82163820870315,127.29198036218416,467
-44.359155326129205,119.42521706427759,413
-45.029022760773245,117.19664491235116,422
38.68960765259322,103.45104070702745,478
-10.123515078022072,93.06062282249171,374
-54.50387011663608,83.15554032290984,388
-36.66621828549097,88.59506431892389,304
-84.97830151673666,85.38863809533855,454
-55.32226058876071,91.21567394575032,241
-25.239670441070672,103.1338319192008,195
-39.75657953767116,115.10432140178928,387
-18.913802748109603,127.9495461768019,459
-107.21971408369681,138.75775867498987,305
-68.00174597042172,156.88782080322838,386
-4.124237980073724,169.943651609297,360
-71.39291368656782,183.44077623050816,225
39.76708451563594,184.95456964840028,485
30.299525835873514,192.96588427172873,308
32.43363252245545,191.53239438740667,232
-59.44622265542945,192.37934388718594,207
50.116589935313385,185.7042052965723,412
-66.21977465071652,183.80535446912202,330
-38.983010348627516,181.69025870889607,211
51.682018065157386,180.25084314803306,338
-296.2504308990671,174.1006072689419,377
-22.83270917766514,170.20554552956023,304
-52.1699489239168,158.2995207234045,263
122.15879477633712,155.69339520136876,446
-132.07959949943145,152.36639631159312,200
-69.11673970648702,159.0843836039361,344
-118.18225865220657,167.56703070791775,368
-118.0448571331792,176.38931746908136,352
-58.236570115342005,179.64260137916307,202
-143.674941820993,175.88137945846174,448
-31.495435649340465,184.84282584589437,199
-79.85195471084432,190.02796983566623,374
-42.363266724097755,201.42955127256292,190
-117.864789051151,214.41820500753363,314
-83.21040446261549,218.35901448173493,297
-47.5682857718429,202.8071881565671,220
-72.64154702985365,200.3330738894831,221
-87.62317477636887,185.65245837503048,205
-120.94868884828716,186.5838060712405,205
-52.69530766044127,174.64197655062776,417
-42.08523324683584,158.02689762411248,401
124.07523389624107,143.88218057400596,322
-274.73964036414316,128.0544704222583,199
68.4697768852779,109.696243105096,195
-81.95882592570054,112.9102176427749,177
32.82181305755286,124.47867662005598,158
-70.11177367544684,138.25407155310816,231
-102.88083740271813,155.45478359508627,180
-18.632288402129706,161.41887833720114,286
-89.68653557994007,178.93251079760932,217
8.038502952844615,197.10904379741038,227
9.741192118204053,211.2986541317976,162
26.015413490600324,224.9388159253422,161
-63.69468625209342,235.78182599014596,268
-251.82582443764835,236.32497351038458,274
-158.19169739038844,236.51689365294283,180
65.03686425450336,230.99618529832895,296
-60.60160118892114,225.61682656542388,169
-35.388500214236444,224.85892045037804,236
35.42238592777897,225.6240282946835,130
-48.55825010662453,224.7761476936846,159
17.83106980038772,226.01623342978712,127
-7.410933603410378,227.73517590146298,137
5.785748394527219,233.93911773951248,358
11.665844199577016,234.58638623633777,140
-171.59803498343598,239.36126542387342,249
-41.894580649847256,243.2320249677792,131
-60.192438210341486,244.34436393060415,304
-57.66423268756482,248.01856216489944,237
-24.447785495590598,246.6595681417324,250
51.07598177816747,249.07011834099117,114
15.21819325744558,250.5933729310041,338
28.304471311693984,250.35966467383645,130
-14.968830774770595,451
39.4273379530026,229
0.6407192263135539,213
-6.025816394231008,153
-10.26548693219977,141
-34.792628382656005,144
-38.74852077669322,479
31.48060851551183,147
-3.7104277545752,315
14.832233419023288,334
-45.61082666745918,220
-45.027305565439555,333
16.893139703666026,267
1.6885777866819105,259
20.235544186612398,247
-53.656901832053336,307
-11.954888064777263,206
32.58165568956681,121
43.8182256228807,118
-17.018043307783497,83
-50.04373982774879,371
-128.0884922350699,415
-36.59756634846103,241
-1.6687498195937163,64
-136.88444388330743,415
43.75020465350538,239
39.85959792754469,329
-45.005314504587965,332
19.169680345486288,320
14.710450432384185,380
-708.3087877069947,306
39.4492355689866,325
-95.14436261177106,491
-54.46650219133751,481
-44.169377328359275,486
25.63658402476247,221
-7.947750872147611,432
-26.401923668087875,376
54.50778282148194,464
11.023679140782512,349
-18.4029040160206,453
-19.317088743204774,389
-47.0583633976445,495
37.11632587071493,455
19.553711207519022,399
-29.23751385586349,401
5.895254375951816,421
-43.52337391223316,363
29.005040175466043,456
33.52651623203277,349
23.80781591456962,402
-62.95985823301716,380
-13.180507295050287,442
3.618659566884733,389
-15.942521842285444,397
50.57093181955618,386
14.548597639814773,415
30.26851640372821,408
-25.776343538648266,344
-31.855200725017188,412
-20.76529183112667,419
-38.05972331026813,399
-30.544046952004962,277
-32.64413387773553,335
-22.79362169054058,155
15.225156271141868,404
31.257879271676465,344
-65.52187626841177,315
10.14405357012746,457
-28.71172783247839,391
-16.64001692449974,361
28.194510740385304,489
-22.33135283729318,425
68.79736510160453,230
-33.03609875032572,403
48.0120190879438,396
-20.327600607978706,356
49.54954993554291,350
-7.767412065597823,327
-55.91665852797784,151
8.977874482575427,259
30.7818243010008,242
31.753353650276143,201
37.4586048526792,173
53.04470914027613,207
67.26669784171968,97
76.75050280115215,284
65.65659220979006,248
-25.870043628973246,336
23.598995504091135,134
59.04100607475516,118
-26.347182098481966,498
-9.4937645526886,284
-21.014526950335487,162
29.7108748162417,322
75.83134875385215,435
48.96344229276453,326
25.06032484710545,326
98.64270736438083,277
77.88791307760053,129
72.12429729577283,446
87.84768098035386,128
27.158006162635953,239
37.246324949297055,286
14.346669814697801,402
18.131046320543483,150
17.267180868663036,141
19.349973348299518,185
23.09091834286893,191
42.087896382881986,468
96.0275361307481,283
14.265503529587933,283
84.45990985141255,436
42.92403855176727,386
28.47470714352432,235
23.22230676022106,407
45.54817142669155,401
3.980195962150587,469
86.0772248270297,380
91.24514371489518,377
30.786477866465944,428
66.93119032512486,448
70.46160283143617,246
31.190649981578467,297
28.757992096811428,458
57.19351233648314,487
38.77539664615072,429
90.41060882377869,451
51.68353313462646,443
62.56893873434488,388
71.30979416933215,389
61.45844357886027,335
14.49411223143723,386
33.15381926188739,389
92.58474746510379,441
37.42435492913729,354
67.1290188789471,356
53.52655152777114,427
37.071830045195966,327
55.82453383124045,244
96.11864633608995,336
45.23298530104783,432
100.45784584196042,496
39.14998130182607,483
33.886437027417486,360
19.1574799151278,434
82.86180206832394,398
63.00639443861731,427
41.44480830031553,469
103.572222859887,372
44.444633945702336,419
54.5200646784909,497
18.03899484397965,296
57.32200176198571,427
50.260656575064914,372
10.302566646420065,313
7.230637746345815,342
77.83869596985336,315
26.53856482143175,496
71.82166308965361,315
79.14786193088499,398
17.2506373906109,421
6.265104723983771,354
58.565587571928454,373
44.638431122434554,349
69.86882440422052,422
16.511048217419223,261
30.00557776681083,426
26.126132933029368,285
108.49728817635547,272
65.89159864960052,393
32.42720213715627,388
25.02260872524934,429
55.9633079861581,385
97.223740214511,287
97.73478989128,325
34.23510592418243,295
97.81956685825534,429
57.42268565752882,308
97.79980114249418,342
48.81694979090506,431
44.67708956580363,295
88.75257772990228,317
17.587130348079743,470
18.74983725828441,276
23.787636872809344,386
98.94347715219494,465
14.791141043803663,363
46.393116499614855,307
61.16879403054545,284
48.488446400330645,415
44.16942447422833,272
36.60184336797907,276
30.832865191385995,297
45.88201143456836,455
38.75896418739744,405
49.895927253044576,375
50.33039457920714,443
25.10350494357656,373
72.39042792491963,306
57.41222054332637,339
50.07763965040115,364
43.447816849323786,316
32.40390087332985,241
30.39844547656862,249
57.849164759881006,494
64.37209962721369,353
39.43718957525175,234
67.02895426777533,461
83.73336083520361,93
76.17950718013056,299
40.559573734805845,235
111.44613989888722,267
100.01151145063668,258
86.48875201300584,366
92.89983923020706,340
55.73734493694487,225
80.19430002368776,262
54.21108964503562,185
86.74572666183174,296
98.37421164785006,328
53.663102606085346,310
87.75165956497395,247
109.23383872849689,337
81.25118207488448,444
68.05262235347968,289
93.35128831383355,483
95.92932638716358,268
92.98719126686254,264
73.60098730670185,188
71.64747886843153,225
35.95284614094748,219
14.591978174033098,312
66.32424203718406,184
35.929091930265564,261
83.99568270787259,485
10.271851166223922,192
48.19365139161977,272
99.97897031773634,248
21.856727996416534,382
50.11161267239408,433
88.84155996438744,475
72.71336463922073,475
93.71155194670018,183
84.70331499022211,278
106.99980911858769,252
126.90721333116942,394
132.38533190370634,373
55.957004964803644,348
-54.1758770880473,367
-12.844826293544015,276
-61.78762776300948,310
115.90665441885587,383
117.51513197352227,311
20.90231489342495,358
68.7180117563182,350
51.421237605889864,337
86.2241727313728,294
102.50504338412715,425
139.1970762871488,182
-61.02630502217686,353
72.5586967459165,487
93.78649963544605,378
109.35700927429033,382
71.68514138235199,394
56.143583455550356,303
95.43575692399833,440
53.67750042139025,257
35.063130021644255,334
45.521627089759065,355
111.00574104266269,414
105.78337280613633,298
113.93455701794718,198
93.79374633951907,298
67.52840448189647,373
25.87701967547426,170
-292.8495485752054,313
35.76544587520189,188
105.57826574336812,266
56.671184380455365,231
131.0619594926934,266
98.74955460829545,279
-49.21722516844652,178
17.483073519949034,190
4.956860348866062,274
1.4312641471942125,272
74.33650413146397,281
-4.745574037499043,202
-12.79236339945766,378
9.235606823334365,231
3.133383576528212,408
-41.16773964792135,217
23.875355402945374,355
-11.877870206046987,270
80.96433322164297,376
-91.01942931630289,286
-0.8794421635524858,308
72.3474040953069,264
16.868871090620797,370
29.358244206266193,253
41.18315094159716,256
96.9664303633749,217
18.639465455410406,249
48.4713735769377,294
-13.17067930530222,249
23.9710633915292,228
25.636275627192703,258
25.389291131058283,246
39.65179128751328,369
65.87042515459547,298
64.61762276186647,287
50.54685285691974,151
62.035569215576885,401
13.589923752499361,295
66.90051292806365,303
-1.5411074435991101,318
35.46781574871427,287
24.040859918633796,250
40.483752942221855,260
33.41889156093733,388
90.00756767988607,319
38.00192129658829,123
108.84050346629373,253
62.92342836511161,319
71.88365654139095,346
103.53927503182734,281
37.097095329763775,281
17.55151555132942,165
27.999283332754256,241
40.63151120681489,210
51.43484330774785,281
69.88131873318389,106
8.122709432229783,124
27.04765281948346,251
35.59197220978807,248
77.91090533816265,241
45.35704342296215,367
-24.134508670106612,246
56.554550789440796,268
50.78850086012308,259
66.69171614452148,255
71.42365711684671,295
53.59700845336355,241
200.06779898497484,271
66.22892833396003,239
74.86608033871113,265
97.84407268191163,269
91.19953785183534,197
72.53856130745729,253
50.95919707300637,179
18.363261023395747,303
54.75989961645892,232
79.9482804588338,234
67.98160662722569,419
54.6230135626147,263
30.5545545695869,306
31.082329659353185,245
46.106007149936055,266
18.624851775298986,248
55.84835638352244,267
22.149095655016417,219
90.08162764858947,268
103.39449796944506,204
56.8705606517656,274
44.100486333088796,332
94.1863135651363,168
39.325436488732436,289
198.88921300157799,303
82.12410273114367,339
89.17979826779059,359
34.95546248931022,345
82.50861544539437,396
59.97287741164479,305
169.5896631450246,237
100.65711311681838,260
49.05507408072703,234
105.83875644347621,249
50.754610644456776,279
14.687475203223203,367
87.62386874985737,166
20.952861808251093,228
90.23568887803368,239
144.9910009062802,231
99.05039269897435,176
54.44918053197399,240
53.05338754575137,189
165.45120530850477,264
152.20197006903712,158
133.60767306336544,151
-86.34998783374473,177
55.15684447577848,221
125.89151234479642,362
94.02626437385157,135
138.3880671850177,166
125.91255257849177,250
-41.73316836897356,138
144.46246135361682,166
165.14596355209136,195
87.63896897723649,228
138.9057362964385,236
68.95506897908521,233
212.89717608413088,152
-38.27755723099618,136
142.67465179445105,206
107.02639061224038,233
205.47044580990428,256
66.62575056251218,200
133.6661827028753,138
180.08346327100253,174
133.86507856614787,158
52.6211770931742,206
54.73235428957969,215
62.78695442507221,119
142.86131521955474,257
0.519624415320838,181
48.97847915458882,138
33.42123467322092,199
30.742701670282337,374
17.84186898302477,268
69.10491037187163,374
17.69783506253909,247
41.26311574524595,292
22.197601870567677,263
53.05899401793981,321
255.30914076949915,180
178.8334316861034,92
127.87526599010698,124
119.59851862554548,113
240.26334164733996,90
71.6636019415184,96
-58.55093981629116,168
48.727103551663134,275
-183.09979819758365,315
86.8518670921839,438
-56.140441587646755,316
26.517455252101673,369
15.919799711455966,183
-184.9040020744153,339
50.77605178336208,300
56.340524790551626,275
73.92727981211956,263
125.94157837557896,298
133.37285659443307,300
259.5160197688816,361
124.81758142092484,265
209.28458844212457,261
238.97472522696623,368
167.19386042180975,386
4.776529487578642,293
243.78367087792918,261
22.932104985756865,253
145.8224244848624,264
279.54690497503793,248
36.209349548176675,282
34.80827165539807,311
7.470433568134908,362
195.29632622067868,247
210.18067370840234,288
56.32449622305945,224
72.57968508089613,287
202.77330920557924,328
290.13102150060297,337
191.48222008728845,335
107.45849799755811,314
269.5739350774347,354
-19.973006003649232,299
246.99823283997299,281
142.09577328909253,362
250.67290495097495,355
6.211716336014405,259
14.629106204232187,300
267.835655964255,394
210.92529440606134,290
-2.9092928987100066,301
243.92402728670396,320
267.0903568539707,346
291.8152487651455,287
32.85831602387992,317
210.5746816947429,403
-9.688828420541483,342
81.64265347047382,267
263.98068355118284,387
260.40173702690345,367
154.3058038180613,269
201.42673986424134,437
97.26685517325106,329
45.510513368698554,388
174.6703529044493,293
131.8493621367076,289
47.91081332279302,251
171.42204606896578,255
286.52580576524895,332
18.320948643379268,257
243.05536762380856,395
198.43299126748315,485
52.93781164561854,317
-46.19219339589205,307
5.020400436263444,440
-32.157393318265434,327
-48.84259234921484,253
219.57323181537078,290
207.21491304672296,429
222.4982104263472,320
-0.749666021719321,230
-6.297820317867377,302
-8.984716852126581,368
-35.18910556744859,155
-35.49353358257123,275
-145.36182997550412,309
163.58042660354835,297
248.81683865398566,227
-176.90613181780725,365
-202.12928214076913,143
-219.95083203512252,293
4.273617924031527,305
262.5606308411865,248
279.84261075854073,274
-29.943127383723976,328
211.43509588406067,265
5.862114999924144,142
-47.2588277752629,122
-216.22295777372474,266
-431.30020476776275,318
-297.8281695892598,120
-81.28289139184989,342
-55.606203039141135,280
206.44400154389817,377
-36.2097148561909,366
194.98668361031847,363
8.561817453594628,416
-227.44169581962348,407
202.56181288464674,353
222.69378736001073,456
-70.65818770269021,127
157.4804584583952,367
-22.861852834940738,403
-102.80621368716466,345
216.82762255590222,372
-209.55463598038443,287
-293.30785819062913,333
-260.6981841070267,299
-274.4022657676767,348
-231.88134160395907,283
-12.451775853627453,276
-40.78012226057479,356
-200.78102349280425,320
-3.035418984785423,477
-2.565559293664971,435
8.891895081965009,249
-82.48650210987088,369
-101.25951777249817,385
-85.62488699527668,284
-61.692812705846805,304
-0.957613448916784,338
-10.926712192765422,277
58.704968930237754,342
-7.198772374786756,280
-20.809158972030062,387
-36.34960086212169,314
-2.229409524803116,447
6.379564826176744,243
36.47329127830277,286
-21.053509759570314,281
23.852607297673337,462
-4.622356215725338,273
18.051519794114874,253
52.209852916343166,313
19.133274481042644,406
40.93829161085508,274
1.2170507335401772,253
14.339757753656915,339
77.87451757801307,280
79.24304813705534,466
86.69456763204013,260
43.48432660546865,240
27.569575704487857,289
29.74710846452742,268
65.1549139861978,250
3.7995465206014747,265
71.3005327371264,310
37.597367338345634,246
25.220117530209393,268
-0.6515236950434338,279
76.17482061206327,277
72.03012736740976,218
40.298608700302744,242
-0.9152864225063138,264
-41.564718036126216,241
21.416959874008718,287
80.7340961423405,236
73.6892969075576,261
-248.49075446243697,228
-351.4001738961078,314
53.52121872936934,235
54.31729290447144,344
90.10850273800234,249
65.91436640171399,246
60.347734462683334,305
-0.8693841373402449,258
5.520191277970253,241
102.91017567086888,293
69.05981953421056,250
34.024153324793815,252
58.528871254804926,260
68.27179361408672,367
20.086515082804986,248
22.439299937331224,307
37.79764969643042,309
93.17394821528325,267
50.51531770696293,342
48.539295335622725,254
31.170358757640305,274
24.785199394962824,239
49.562463627993814,369
64.34406701975541,486
75.87408442230652,357
30.04817812823198,247
95.79661789219506,280
42.766219935491186,265
55.90164924159214,262
67.84342233277552,307
53.45803928515605,339
45.55172142066959,264
24.440804978497567,305
73.84557978359642,350
73.17922445900201,274
15.319532123076604,268
55.735149301943544,365
-83.58943263636078,234
-334.2327605640122,214
8.97983076706561,205
76.30264990980609,206
286.44914473022067,217
288.1726114463214,218
52.298729103543856,198
29.31950719838693,235
63.16298520222633,291
25.696133448440754,236
23.214611295113116,230
38.64544539492893,235
17.575358808857498,295
40.095675222857494,223
43.083927443462414,241
26.144672976425447,227
-109.57940647720532,418
38.88751576132066,275
62.14979350733258,206
41.21797111337097,220
-61.69552208839376,243
23.200766963848245,339
44.26748737717851,227
-49.568750093279164,190
-31.612898798658662,223
51.80127493317659,204
28.046706128004445,234
52.640743821256265,205
-65.08439779236214,199
-4.161841195992537,230
58.73811197146822,234
67.80164522271626,299
73.32266841073229,232
206.6406771214427,226
-81.95290905032736,296
74.15872778382702,358
27.51096244200277,222
-69.48418190467841,275
-49.50779538839244,253
38.902213052415355,263
45.00332855873505,336
57.06436319729823,211
65.19883605385131,234
75.37852668411853,231
94.10182012167293,240
76.89373764970708,243
191.3485682153388,276
65.80902685724534,214
62.540380270768644,228
47.196036140920825,240
47.57477106973768,223
83.38072691018687,249
28.884131272672963,263
78.13176280805713,234
197.04728362992103,489
57.98466427546303,255
101.23111063172584,242
76.1750495245036,269
42.61874337584212,396
80.25180623560723,369
84.7828437769729,204
100.57702804976256,218
43.605181114227975,229
79.06168635224995,212
34.125370862103686,318
104.84422003546173,365
88.49273177657993,274
108.47914674740647,305
80.31799729723643
106.56377352230719
91.00341136495463
69.93143703922594
90.65798465314602
104.38479169235261
82.43598541303204
72.29425930149522
61.62151838788214
60.776718064950096
61.15475831257682
70.63924293013308
75.29700238375993
111.02243034805267
93.69363110460898
127.9449548387422
89.97909441119776
108.64904758765968
49.873839546203186
71.95920097315138
132.23624333263587
96.1175431221974
104.76996080397484
107.53488711233342
66.14373504005496
61.292089114078685
104.34176745039719
115.17710010607213
102.08175747760633
104.19755418845271
70.1728153674152
108.37431066408423
87.2049679192567
72.51016885553338
92.58040544387379
87.28016255346085
80.04227462463176
68.43207730404359
70.49334200507332
93.24435547782693
51.08937355339661
47.54422060401492
102.25426239230407
94.86034560439177
91.58150401299639
93.7673312867655
75.73031710096028
99.29085456126306
85.87525132569012
61.86932975639523
118.31167132781849
69.8598653072493
252.53275019132883
116.59205582669084
219.0488682512592
78.36651395458993
33.77545467202779
21.55025718127792
59.25584211783321
117.68130271690643
-53.06178708164416
123.64420629738527
121.00294266991368
110.58473241917665
51.23391094311936
111.27248857053625
99.51560056235644
242.3404822936382
107.6796481003503
221.84230140751583
222.47527074615732
99.1432188170725
157.44853621022366
273.9320857875058
232.58944336043643
237.26140784906022
272.2111776989482
85.28556408026002
268.0727366936463
248.4674125546549
-0.9274626300040296
185.36344345014214
267.5155824045446
109.70541111427784
250.32551499442346
175.00058439033464
231.85667359427754
218.03806868970526
236.40240695820114
256.44551224871
242.87129231715954
153.74651513235085
203.1471411845808
13.351905927348113
272.40166253876225
265.9704565105604
265.92012428165896
279.8367808052677
210.19345110895395
24.83947308041742
222.22610897797185
112.25676850984122
94.31834230543477
76.83392814310028
-1.3786767042294066
-52.9574802205787
263.8239019671263
82.78057023174267
258.24774150659414
162.42873535178828
120.95754785166386
220.40997253856307
230.09039646051343
25.24747832662475
170.0732560971191
6.97474082803159
142.55110974576226
243.86873085608735
85.12928142499702
43.68745611337395
180.55763709634738
216.08454218557495
56.60783117293241
46.49764140035305
51.24102052140424
164.8399763883462
268.8944550434305
162.82554280231028
-1.3568871827616817
-145.16297475240174
202.73371468730713
-53.7746921818742
-52.815626955290114
-47.768149393272054
179.60260294332113
-87.74522525502063
140.47726884967946
-43.20934731530444
-136.23964835713446
157.90456330329664
-22.482831572396933
-58.87448041648025
100.8461591295358
-84.65996230538238
-43.69479345244336
202.48149364752078
186.32935358072908
252.53300702224868
154.78419043828848
163.17237798870286
51.030015961986564
-74.55721462432747
202.2402533888258
-276.5727356063677
83.76337657515482
101.70503739820457
-71.20388066255072
14.484864525737859
59.784163920473986
-62.57270813036496
224.76130311042033
-22.024228467284118
128.0887260015087
142.16771207101192
-15.352676460471926
127.10163076775454
53.9266903843932
-96.05833199322313
-21.84841023920424
-42.42196356329889
-21.143310974104537
-9.258912829789153
178.53301337009557
273.42242760605757
69.22975724136462
103.04146555708132
122.27805945508591
40.53102611524464
70.75999589009727
97.93242124185801
52.507591528204586
105.87298755762218
87.37102993299148
36.77499640775449
87.06426224318948
99.45884544382564
62.287655756228
81.59388619121185
78.08542802582542
74.69953566423129
47.66269994507661
128.8895592398451
47.49369268918078
69.88795772206184
115.58100139034181
130.90273520244588
154.35458808076046
290.22963787108586
116.66221158508138
60.51279451091537
-52.72649813426105
267.66657740735957
270.0453207701437
206.2198690798486
257.4792457298974
249.12078642218157
135.99907553213356
262.965614671407
244.27035807170654
53.55025408820815
-5.663666656835531
-77.13048184142941
107.78658200674772
75.56574922926598
192.05112485741907
111.63926415332195
226.977483435185
170.07225923628275
226.29856415602566
231.78725708557667
184.20853744057405
244.77558827639862
105.67297001304895
-49.542457051275676
251.50610148374585
241.00395769662543
257.17136300248296
247.23027514082162
245.22924375522106
47.99727178643653
145.45540885448005
249.74832868515784
256.43093858890967
66.02960526794045
109.12834353901846
-28.658032021254684
153.01726807958946
244.45299437154648
269.90709895615265
200.82915357447285
184.82663899425728
16.940679032610525
245.8167971850943
115.59977060607983
39.113437176542284
193.22109398061127
164.40526030467322
24.789524690291678
186.60686829872083
276.203601679263
230.24724939563237
59.165623959943545
206.17648199878994
264.82518096228
107.11825076116355
243.42679576457007
56.15825660027673
241.4885959607929
124.3987447821967
242.2254212470589
229.72340478207252
-77.51840040752107
180.70911697985764
237.24534556140017
248.46007885613437
223.99105776886876
86.25748536726725
235.69447260464415
280.80244860340264
61.46821188433836
255.90861748563495
232.4316772648055
275.1908515956758
241.4201902951736
270.5317135596115
266.1310541994349
239.0543237132947
245.84091785254358
201.05420322382307
186.5939979239854
48.70098759656098
259.5543464036185
258.25282205618873
229.48484600124172
227.3880254463231
221.12935558982144
195.4598528304012
218.52545565190957
277.8474214036602
297.7443361114021
202.8214220856127
249.53616791551087
249.27787488716467
170.51488424260586
32.13437475475662
292.86203659644883
264.31763048982475
241.80739778510747
173.19622550672628
241.4610971418454
260.4640366495519
267.2015432998054
226.1030006334372
259.6427324691461
146.97592171456526
231.37204744598884
259.722810287638
-113.55105258510052
252.06134468739165
111.97164346907141
274.6200991682373
249.39351801854264
277.61483165486777
244.93223485155943
104.20680852265743
-77.6813476011323
282.66544652729436
273.3591650493464
274.6687294754855
253.075626768383
247.60518747226848
66.47289000985452
-140.522053972593
231.09169020043146
257.0180044329532
67.95238805783785
229.62823108177554
232.6144593808738
209.93417033559308
-51.68426572149946
-17.155304558551762
4.193194615662549
213.48004249649404
238.00657505813453
275.6793425188256
234.2099583413663
250.21109860151094
219.42878996671186
-4.050403867557279
249.87368432842788
238.81636242507
85.73830461041985
251.60803928133186
43.59154760900438
-49.82954073254993
10.64801376756077
124.3432505273594
56.859807171618826
254.72413583493557
14.274682675008037
241.28427519687995
185.344563530414
-36.551768279946145
218.11774247097208
249.02260403249247
-78.90658835184428
219.2300985988344
198.29300565816547
-10.259124972020135
148.86411484886185
2.548605381199124
262.88293102812725
153.92282347787406
33.98776200899167
121.24680800912628
288.66114400636167
239.95631782215062
283.6598932648516
232.46856299992393
284.4957306613143
209.2894217694561
227.98573961254044
224.0782950455799
206.7799444516575
142.1885527342009
216.7905195766636
268.34111293921353
202.27412532916082
264.04445274118154
252.12112704967208
28.48974916321177
18.571152152044725
-8.521216753225048
204.67945679534685
208.80525086108244
208.4993690205982
245.28780626848385
36.458619717000346
252.47190585129061
257.87194821983184
226.0199970872743
242.8431848765775
243.39618265614334
109.42578477715364
262.675325452184
98.82881114410279
55.0326803275031
117.50960980867005
44.98987049271905
67.84098477496313
190.81313562758828
221.13299824150744
14.7582593510174
185.88742765863
221.39224067890672
-51.33590055093154
225.94131887366763
-4.076002829827345
26.569308130798
199.82338986702618
218.31611787186813
192.51855186069002
194.80226509141465
-28.539291605014242
-14.26198518021377
60.96960258194626
250.30234475189016
245.12067113940947
204.09095251743796
127.74473358282769
-10.202588987591056
187.5411504883424
-6.489337270949434
190.06818580290434
172.68232561702538
145.21752426331003
255.95829168142657
161.03873190344595
272.59555901415126
205.03493744552827
277.258466436364
266.8523617636253
284.4853732628954
267.8418066196381
160.63796936893738
253.7164292518024
280.00637069920526
-7.1412735594461765
246.95022042953855
266.68899334645914
247.12785193775264
7.8730849315412
251.80940642392298
232.36613433879288
68.02173441421813
203.72352110131112
283.6766802965671
210.19513109384417
22.14343801108825
265.69779128211553
246.9864925986498
269.604716883197
254.35831638519562
266.4972892829752
225.09259898270295
143.85248979783586
258.0932853376736
253.30181043429457
282.3997039750499
14.220741026966834
34.4077091709334
215.2583176109094
142.7853809733019
245.7494296676937
236.63668489066583
304.4859679719502
6.691629782407034
282.79721320712997
128.06108793007837
219.39914842252782
274.0361484789689
33.61803629444651
20.76968981399179
264.20750773508666
260.97341870174887
248.96653412906466
226.12696493168949
243.79704454765906
298.45145774072785
241.56894033591556
288.18499308586627
270.11542502608427
119.91272185640008
266.40699817786503
252.0602942394935
276.22435999098377
232.9629469813675
274.5077739361193
278.2886021464746
243.565773009194
-15.108105845876821
264.0948882593129
251.69889712167662
258.04035516803975
279.6510377029449
259.56928398963413
246.54800681128182
237.19010072356875
256.55993245912396
296.61523833709026
267.99500460879784
251.32699312737577
253.78149243360662
274.1476713549888
270.54701103520756
214.4367040837569
27.10479093573413
266.57325027072784
227.31568659370046
243.3321813920989
270.2636395437498
237.06510954515
285.3105648943869
264.41874868907104
257.17171030182874
254.83533799572626
229.7126651143085
125.86402996762564
302.4908371706967
260.60718357158646
248.91980849940222
33.57424898722428
264.64906830587586
268.9596270546523
254.46070047260588
21.000408004385662
262.4884059804767
-11.337431792630994
40.930919118554016
19.4972475883296
1.6238356162373861
-1.4727130834552327
291.36587277376896
259.08464593697124
-13.64040363248941
19.249825746571872
276.12276026384853
-18.476617079526264
-46.62494662164289
51.566700634997346
265.57614547974003
246.1167677124571
258.6123806317221
-28.506980825185835
-64.70707956466771
318.3518291354564
261.08112985198755
292.2189805173962
299.17147835876153
-20.692184635928243
-30.286655792148395
14.068299744165373
67.9286936012428
11.037801705562828
1.6609368843322727
272.73514821280367
47.393738607214715
31.442741524000382
-9.737027142990556
248.26200672014988
266.8287622643427
217.92790164794945
271.74871593370136
153.03432888553405
224.39587079277834
214.18883705358604
238.35932259067383
4.063426379456345
-23.62501554126372
165.13295392430825
-20.402838243451328
-23.323122145679747
-20.183398169851444
-1.0198912934840934
19.587691449470256
298.37046968658797
271.35156846915424
98.88437944765562
196.1162763245086
62.57908462190669
49.10893247971295
73.30091479245753
63.721901684039324
82.01526467630411
31.374876083703104
82.77325913275818
104.04827057839627
83.13850895705569
95.57340847365407
101.2134128355823
97.99219508897708
110.99046610522285
93.87180685769434
90.03701407206806
68.99227473479394
83.56424831318469
110.3533212683594
73.79665953861557
83.55120893801245
95.28372346362853
69.51699022224904
115.3182033409874
75.27091691973229
63.17652771020302
74.38781070550718
-167.6117142591474
70.65157408403935
287.3886827992758
128.5842083943008
44.487321897570695
126.0693302604414
113.01273874669192
83.1758393000598
-280.56840264586754
70.19150882697033
96.81365865837537
84.48481957629377
233.92513960968137
168.95834757225526
242.5581434992691
251.19497329461745
230.2076345993057
143.79564347768678
258.25417083252654
288.2653069591672
246.2161402521812
249.32946021048232
285.6319510849242
251.92749148164913
9.935397427272207
83.82545980694613
268.98972933594416
278.7020379171996
71.40082149575004
249.6013797494273
282.2212857929494
274.11466409928573
267.5521891573886
239.11204762085907
275.0989081925919
251.28311015351153
262.1132928116503
257.2689850649187
272.13446457647876
260.41444073848993
285.61567605384073
247.76283360693395
269.7250638412765
286.6860252750895
257.76407002682157
263.6290968036639
276.6671878822897
269.0998179187044
278.44469429138235
262.22793447608035
237.70992133603386
278.09484753454774
264.9838458566013
258.42712049705585
275.91510492132073
262.8810360053742
59.462426006040886
291.96512757473425
260.23864715901095
262.549111992054
273.8424642622374
251.4098118177058
256.17008424567814
274.89046221738107
243.71806707653167
208.42416060435318
151.84768102112957
259.5578042168723
254.34001108118983
267.4506825496444
251.4203162661957
260.33064733588105
249.33525818688824
233.13683662607684
240.9652885150033
269.8988136941719
273.8623899151773
279.82912340164546
276.7016645268002
278.7405348222661
276.93458830720385
270.5937570262512
260.9134629669416
274.08429956840325
279.5547940842294
230.4058645037408
258.31934903926646
258.71858510615266
-55.531623218225235
289.05320731650386
288.81032473606615
264.6101456611465
266.6627433480328
295.85042527546693
34.54056242896934
265.5018621328687
223.36084136835325
253.88410476227887
257.82607614245035
60.08843256943911
263.96162439674566
286.37889393007424
-24.03474298835249
-63.85857559627874
241.30470455410298
245.29940500600412
-9.652023711454035
214.4212363451307
288.736430612821
283.9272439307713
277.933189753184
112.90206143172816
246.9270399684787
280.45268933468964
245.17927332786513
269.4183092567396
223.21791564852884
9.554157372829067
278.72670686229674
260.27953696194857
282.36292910710233
261.00319680974457
256.82499764930265
236.91355502049112
163.29702229124868
228.97808844118975
91.06338943584088
143.2345843916038
260.98492703023123
250.3979022578859
237.10682511434555
222.11768371736704
241.44825474696825
181.4226076328579
247.38853162158557
227.63914540200454
237.43818852604272
237.4254667160606
149.01614523071598
108.92267710177808
292.976410162389
257.0821312064966
126.97380891535059
266.13360979221886
255.02781034289112
229.66317728558647
231.2928317796283
237.1876979862337
136.74584972802182
210.12592765698008
252.1697045927659
186.13069413491058
137.63548279613795
244.61528487527363
234.24834221208053
213.31401543988778
242.26268413044386
243.83602943778962
243.56344907064468
233.21377866360905
225.37283168688884
266.4838263419484
238.97384272897966
249.72269980005896
261.82135168775585
278.2723870572902
126.74206273053483
267.20078550083707
270.9539540659403
266.53491963949534
275.14805161986965
247.4941970291114
260.77029191450674
241.3025484766768
294.6262541413672
235.346702787337
252.43982979994135
228.03518239349046
262.95607503194714
259.4794923550397
248.180859072544
277.53866996630495
265.30458089694855
299.68079685174774
289.5543052868942
269.1671626387287
277.7280887147996
277.12310296827934
281.36977924244786
5.228169529219599
274.610471118004
232.4412784541005
266.04382857026405
291.37769762623907
248.0859505011228
310.55918208613025
269.69167880705317
310.92690829605806
53.532302838194894
146.98123048923807
231.15227639622378
273.33753416887885
244.30505231312875
77.43800990222731
221.80601721151163
250.76392702237285
225.94181960327575
116.73399551360754
226.54957578690895
256.0925642997779
263.95261177258294
277.84108967660086
270.25350235374344
263.4180050947742
250.3130828856986
276.2910600639118
153.4446622663198
299.5334921940878
227.55915929422744
271.2645630085988
259.6901123547498
302.0073254473662
118.32714172302138
280.75479981367107
227.42745010311188
254.95274230238752
274.9133554798414
235.18573099845884
271.3202199326155
274.6153886039567
251.17533336114587
250.63549400475773
247.4263795031099
259.37757183745634
269.077661989389
241.6037040321468
284.6192777178667
250.14309805603423
282.140852790267
278.3128568541612
295.9784343798125
256.2553288216542
150.32672625869657
-25.700367183137846
291.8095431702741
250.16378734251697
264.0212514938578
288.9954098544144
306.0682799625261
256.70942723220946
261.9332936643292
233.4849446457632
115.19943831432401
283.52742251121606
281.89177548752275
234.69123025126285
247.63938934930505
292.4323117371291
258.688350204754
255.29977330697122
237.80516749646776
277.7722772352146
282.2178505043937
281.3697941031354
264.9873976678748
134.76187342565993
150.91210496590617
276.0747543820481
262.65895738476735
257.19518926109333
239.73780243855938
250.68225546785686
228.5847204462615
284.8047693070396
284.97559147713287
274.5337190513726
259.67034232842815
276.52362890700147
291.1207065571084
281.24785391868033
270.4548895450567
290.2048615244495
288.1945632487645
245.14000386282973
252.87989515451952
230.95137776622477
311.32162888105734
229.9426046465131
252.53082948483973
294.68808347467314
291.06747471172
254.9673068587903
261.04398986129183
166.9807936698008
262.7098360176093
259.3474102313915
293.6555735108259
278.4362549154557
264.61656123648027
36.550328213812634
260.64688786809336
303.2954055892643
252.07871280989204
