Episodes = 2591,alpha=0.0001,gamma=0.99,epsilon=0.04993675381238609,epsilon_decay_rate=0.998,tau=0.125,batch=128,128relu/64relu/linear,Adam opt,Loss mse
episode_rewards,hundred_ep_reward_avgs,episode_lengths
-230.71668631914093,-82.35512334800619,119
-70.43305976915323,-63.63250107402328,95
-137.3644978500426,-58.2730141110982,100
-240.04878869938798,-48.180112177638314,177
-244.92246460415643,-34.46490774900508,161
-169.15014416321054,-16.75672113832613,297
-106.80908399056953,8.815093247838833,201
-197.00041835167818,16.38060465827739,163
-269.6342541340168,20.758476394313465,279
-140.92299031929429,22.555342078943127,170
-116.36156624112422,26.319052093831733,118
-191.9249648254809,30.196042000595288,174
-242.85188557109723,39.88062861077544,220
-285.4945869901593,42.48233982402807,126
-139.8948420719566,47.947532290603746,208
-228.32165737780906,53.919726190120954,215
-235.06979937754778,57.894211424968226,215
-87.70815473287597,63.193575260012224,188
-222.2153770257703,65.1969710907779,145
-62.968803485010035,66.18885494957804,234
-156.1578894598591,68.71472464931004,186
-26.63617010031274,72.51565555175746,186
-15.872159185620063,74.41393035894245,277
-137.635383253916,77.82715136016247,149
-186.47967595807438,79.9607071068458,153
-196.4356873715175,83.24265336708872,203
-78.98224475188727,83.95259852649222,280
13.660192989595515,83.85720175848859,202
2.935214620397929,86.15259192008136,223
-62.13034284889274,92.19434980886379,325
-59.75799468793387,101.8447024048302,191
-135.6818838673414,118.13167575916361,414
-289.1549070132984,135.51277567289324,213
57.99482256104091,149.40881068663484,346
-113.52055321982995,162.18590373537694,219
-240.12362350984785,167.71221010904682,420
118.22562187613505,177.19015361345765,357
47.566027524685865,193.86691591742533,346
-74.73057290132589,202.7481364962565,482
59.32362701130207,215.93273171007527,425
-78.75099736443785,223.4557952654257,460
-136.9783578600725,225.01559793893267,370
98.87213020896142,226.4932721094816,135
-173.77769651728372,227.05766786843313,133
-116.14519711903665,228.94602570792685,213
-166.1547812537152,239.06677988090803,300
-178.21146883510858,239.46711969446045,264
-184.71378421866945,225.255731691966,113
-206.1166605923512,212.58749701570835,149
-190.59639229905653,183.3331427230429,157
-104.27072179569676,158.16463783720383,443
-198.1100115529547,129.73871904326393,329
-232.18633477449947,104.51677167034053,213
-191.3937758264766,90.00847557605658,277
-71.82492148714957,50.61074391258999,147
-131.3041400338108,24.70322778926703,348
-224.62843541099352,9.020738713069527,240
-194.02959285976658,4.070227959549985,270
-181.02966721356705,9.814101336235646,248
-126.24488627484948,16.825849372316288,385
-360.2547167969834,26.306550575089386,443
-223.01933131546008,54.771661023162814,364
-2.3458099008189084,73.4918277961411,446
-458.3788974551124,88.75166496296784,448
-198.54964872565154,123.17754853737564,355
-17.237907273256944,150.32000919419428,479
-238.43194966749695,173.22358250342302,323
-412.3167358509448,190.5328726389898,225
-252.58816893216567,207.78071788926843,267
-28.691078117960014,220.0160043965125,241
-51.68883686472618,241.0440179572549,254
23.573169783097615,247.25347499628694,188
-179.90927556357846,251.00998859330167,495
-231.62196732682955,244.28405350031818,394
-16.122637390057243,224.41336107170025,282
-9.067021616817796,213.83180448515483,207
1.7409509325504346,197.4945838986892,114
12.865156001037484,181.82084717812242,214
2.342616302141077,162.51162037989488,307
59.256603496305445,153.3177499431793,298
16.163291898374418,141.75368237888355,366
-16.764947351849244,133.93598149071835,444
-1.2792396904570966,134.68381399543495,386
-4.741206027046439,132.8366085927264,486
34.20599151382514,152.19845146566414,322
-4.653857509787227,167.9818784191106,306
4.222135573051173,190.82234833239144,360
72.96352008254662,205.3814418243395,366
27.661237550708577,225.84457241366755,404
-61.7647206893142,239.483157431492,312
13.115801152629642,252.30086630954057,302
42.133962710994815,258.9252339956698,330
6.90464508551937,260.71541526779293,372
-27.03408257165586,268.051620125128,418
-28.45716146687162,269.35596522346367,351
43.23681356041636,268.0964803494116,287
44.63456002169623,268.08346379436483,353
80.16163687961594,261.5718608154782,419
84.92225200655459,261.3816449815882,220
62.42765397341878,260.1465353061517,322
27.298797991497334,257.9584072790575,329
-12.547795025480026,257.12997385019577,329
-6.573052065882369,254.16977963022785,354
30.45657758524363,254.4371632987744,291
64.84822687703041,253.37680175822118,401
-25.632342481959487,254.85264290448544,364
56.026897721589236,257.0213690475042,335
13.163085288029217,265.2244294013648,238
3.3910409892894795,266.84992958522804,182
41.727716716822954,267.7774889579028,366
38.716623509426455,269.5960654355999,344
-18.272189521976266,265.7274676432926,475
-42.086362751928704,264.40637000604687,298
23.024766639534313,264.2883367475566,424
-6.606900876408656,265.8005500842366,337
28.165295962341624,265.1505723026196,389
-26.38043532059016,264.7730609293916,477
42.78130067825375,265.71680298237794,332
2.7094735597781407,267.01351582527576,323
65.07767479597324,268.12682801822865,365
-8.962033465520905,264.60047678830506,315
77.67477349526446,271.55846845606,323
53.80186666457355,276.27496533655716,263
23.71900403254344,276.86768107136527,332
67.35004789182398,276.5484802266946,191
36.72350985239868,276.5093989773736,325
-95.16019264757624,275.0139094624881,290
7.317786365993651,272.26903978622397,416
40.04009893421819,271.6725347724854,368
-525.6005294898878,270.55040767956973,449
6.348185873069299,265.6397631964935,327
194.31699329501834,261.5974601367029,311
38.535856589510175,256.33460893440787,414
59.95988183799953,250.9844614917621,321
-24.632815068763094,243.84148753919828,291
-3.611956799294501,235.23839417972616,396
81.19974959264613,218.44582125899578,294
60.78033322184796,210.6595677052591,359
-68.1865295016923,207.6353161235133,267
-29.287471334193608,200.9587902070281,317
70.35671528649692,198.54691061910427,107
-88.42655486595187,201.21738557487842,270
61.537858352428024,201.61973135729374,417
60.31592889112836,205.42430814644865,428
48.38099365328695,213.78656323543436,277
57.88205224348171,216.9529870068734,321
-69.89885784447073,236.1934519397316,291
-46.76201983855856,240.3048773422913,285
47.20686889296,246.21498643442592,304
12.174902850005077,252.79677306386083,278
-43.463935321755315,258.02142319336366,241
-349.08374883273507,264.21073687488524,259
39.23485566110758,268.939372046437,260
48.24742556779084,255.77488423664386,266
48.65644518817283,240.36902377687002,265
79.8308516401209,238.72320905333947,227
64.0923978070126,234.2793830855826,488
20.042726933518686,222.5344585136289,221
88.09763351245464,204.78989627251502,254
42.189054833201084,201.7871661140317,180
34.488531527487005,199.58524813397693,346
79.36680132604324,199.45166850599458,278
52.651757830993134,199.23234910989785,338
33.53181383583264,212.62014870245258,267
-72.71394098574507,227.32388126033143,447
-78.34169395104453,224.14350439435228,434
31.70854065387499,218.21174942216842,299
212.3367580716496,224.5038070802021,315
20.334580356373124,242.60765762189996,348
59.874537814919684,243.32365513885136,271
26.618039627748892,237.8783466865548,303
86.82143110358001,237.54696368269623,330
-9.252685385778973,237.76203418654006,280
29.438030332294392,234.79990397836875,251
12.559782231875262,228.63179294706117,376
59.51610379737846,225.3087435166346,266
45.81522292846677,241.7017965478292,236
14.664083554759333,248.18805408494984,334
38.94877129041466,245.76796604261065,300
52.08679635330861,245.02132279893323,336
37.322362590680015,253.3760775747164,231
13.196232969910415,254.0628926939593,400
16.82505993724194,249.0750990712372,230
58.74215158399573,251.55773112028578,199
41.74852790936028,257.3736490007704,306
47.55604092375169,264.4655674243071,246
45.68857526280854,262.00401637229834,177
25.376674077986902,262.8768075054097,260
102.08503947915725,258.632442742255,249
54.18305110311296,261.76841150178,236
98.398025706333,257.0880255518438,236
54.94329877552131,256.4168595199572,251
58.625291179396726,261.5033166270773,226
41.28558657920711,262.07197489703753,244
105.78164707415831,257.72344069723556,362
28.12131455390792,255.9566260390554,468
32.84744994317597,251.22999024751175,291
81.13687412195775,246.52514230887027,294
32.224536973813755,254.19263524411375,244
45.817143330147566,253.77592174987728,219
20.949507283997747,254.4268624743812,199
80.57198687559253,255.3625547986051,331
60.012398956578195,255.0880254894803,244
84.85783412869647,256.825414414695,291
24.578703266383283,256.1995001898713,291
105.7224828628438,262.78116513100116,201
49.421340733567604,262.8525609274639,226
27.419706993439064,267.9359141774221,199
51.20584795157254,262.105382288831,275
38.42670362216394,258.74888088510085,259
46.313149694203794,252.18843974835013,216
45.88982902865311,245.62973112942225,117
26.549945579089396,234.0224036485502,247
83.71134758322884,229.8630925496875,218
22.693936470592412,230.12312293555544,217
43.86298841225417,230.7971006996248,277
24.07068996131533,233.50617439891485,217
46.95573269965037,234.72088255337013,188
86.82213347246928,236.84712781499752,188
44.74614947805812,243.01434675306112,259
69.52548466544782,244.15762445475923,101
57.367698195641395,251.11436810548744,228
98.78549490257203,256.8351725939447,198
60.80700428365152,242.4229326352815,228
68.60827354713403,237.66399265974428,182
59.11345734458315,237.4746940409955,211
50.97269283163224,237.15770107084984,173
41.332742200793504,233.83244791070035,266
33.75796559184871,229.1842056843561,245
74.44424408755197,226.20574644130258,221
100.17341966643733,228.7668283607141,138
14.46999138044201,231.20598904294968,221
49.967082236265504,227.205306680616,205
45.982259144498826,243.96523584244704,182
42.45929840692335,243.8883112121588,113
28.858422308558648,239.59363954889196,182
53.700053848047965,237.6984309156844,219
99.97307706878212,240.315593434789,255
118.77820641510749,241.29712818775258,208
40.86358394086799,241.77199919268097,94
80.54137428191726,244.2320401032175,104
84.88782469032127,243.38598215653812,157
45.66093200331032,246.26845755393177,59
70.68771636242302,250.17267057466665,152
50.638242365438515,252.05386337264162,77
80.15034409453618,257.4365935858188,214
43.81220942176481,261.0984578783969,203
98.73653526711404,261.5680320674752,192
50.049765858006815,265.54358169109486,225
105.72335262375721,93
68.94021159170163,168
72.08352573317009,236
56.263398522382616,93
53.518921143342034,74
59.9743385602329,168
47.08694891106849,92
72.05297865486949,113
71.65904645058106,257
82.46586688402469,141
56.00049964704169,66
63.95757243389645,256
95.07145877416058,106
41.17693631821244,81
22.896585050993824,61
71.9380372548037,54
76.89151280937331,104
86.8819861134177,78
98.78635753431683,99
111.314385507479,86
83.90311555984255,109
81.82583504251201,92
113.87579064966782,170
99.18930612404557,93
65.9442616319727,120
64.75910246136328,154
85.87059804255203,100
96.36970462175381,62
87.62711211192435,94
112.72222302335867,111
82.32334178048099,127
78.47051889132842,94
57.3405682796906,113
45.07035456052176,78
59.03352886889042,150
62.23576303018657,68
55.515915365336305,59
77.15870648011466,146
77.009502072881,66
71.63241418072593,131
104.16245549729689,142
33.90409057892781,212
112.89881722771806,109
64.30222542251781,149
64.57601792782431,145
57.69352510433389,154
80.31967121514911,95
53.443823105201915,222
33.58961430852398,109
45.08410683445773,77
64.23701922120024,136
102.22473375070774,375
98.65633129973973,435
93.44788589207532,151
34.654775364321644,254
54.99765663776179,185
86.25372606660008,134
112.07042555026878,79
55.61909211609673,80
62.88823394284531,411
94.51912527429167,89
102.64623050403299,80
66.36320826323102,71
104.80756296826752,238
107.03744726251223,201
87.18557797838751,297
47.67850761945789,225
63.7072881241549,109
97.09927994028605,112
78.75632899795909,314
92.56833452625122,386
106.5054569437484,194
80.3731799412103,209
63.651739469863486,288
62.598496956838744,238
77.32927405871469,350
77.35020411423078,86
116.87494546833639,87
65.75506989042353,195
85.5649807275025,371
84.7090110999816,148
90.33563664225433,191
92.24828821537305,338
88.73934980054344,266
67.05894061033263,188
111.0097312911241,206
92.54708795345465,341
120.79984255286719,396
89.28208433242028,366
97.52228199327624,435
123.97608617712527,270
53.363801611415454,200
112.21222479823373,246
97.76919717265815,385
96.3093612551641,301
111.71195628267932,134
78.88481299450022,109
98.56596211239118,247
22.168915730266477,225
92.67133425995596,246
138.17770389814197,255
75.77240313293599,297
118.963725440572,228
111.08400700053097,276
58.62784338014544,370
133.01539776180599,315
75.65101431240565,295
159.16154999351758,298
53.26895392853926,192
118.17541856675534,274
82.64467707499347,213
57.64777466344126,301
89.68474744906256,269
65.82716973286388,254
85.6685155136521,405
62.84204024167718,314
80.2157415865711,283
77.08979945119432,369
105.46789091059289,267
105.47758666061972,338
48.60485487318863,309
102.93411687742208,311
93.15544028002422,279
53.784834842349625,232
92.79948833284104,271
116.00343771967371,338
130.9413299635113,479
68.58775724840659,337
60.90880457109833,258
88.31438696848947,361
120.21139625704404,289
56.26072250582958,288
115.69688673421017,325
45.933993131124595,264
75.15417269401725,288
103.36509179846374,319
93.68256776495956,265
112.40381371772001,366
105.59463464307302,242
141.7401275155217,343
37.761576091996915,190
85.8358792951634,270
29.799819240607178,212
2.359800785637077,406
127.60692745827903,290
118.89433406087024,322
110.74348525435742,266
224.6325130206917,292
261.9746130051358,292
83.19964479519426,258
121.91523950533455,229
133.09832269799028,321
93.35136124699339,323
106.74444878198922,259
128.7788913728185,244
241.81644955823313,267
218.6900431076064,416
220.06662481938002,216
138.50369306185556,447
254.00381490062972,265
233.788910823961,252
124.62300781788375,227
250.73235985523704,176
249.36869993477572,437
246.37870986227034,234
242.35967961009348,346
224.4897182935148,331
254.47571790767535,255
234.34659742851508,267
224.462353440071,181
286.67303967404973,237
263.26022561167736,185
226.3677891394611,295
268.57904154995094,255
284.95681280035797,231
264.05019388831425,262
261.8965524037594,370
226.20703661710098,275
289.9090587748175,304
237.63946197366633,213
261.89585189189296,276
237.32055100449136,257
312.65876687222396,191
61.874583684654226,245
249.52251098317,198
222.35444745811023,405
240.93466790025374,212
233.97582173351805,277
257.3486680963081,223
249.52482782022912,257
257.6814237809062,215
277.2471126135571,288
237.4392015946442,261
123.94615015387865,370
250.23705386275122,244
277.99839645347447,358
223.86899340504863,274
255.17190441148384,286
272.40120713742766,279
262.23320397864507,202
58.369827918941866,234
217.87863607332173,282
254.92363571533693,326
255.39358277704446,249
90.07070716007986,163
247.07573001230512,254
-113.07160175021126,223
276.0015737559276,125
235.8188197274099,105
-228.90803616385801,100
269.27549900112143,268
252.41571772403893,206
-317.17504774438055,295
269.81614657657315,109
232.39052161282638,128
241.90155027531847,103
253.03111032819766,97
-1.090733306526019,139
242.19831903290157,235
255.6873725434508,194
253.49316855517398,311
296.06806365040563,259
282.2267648057782,458
241.80225783974024,205
258.47780608186054,238
266.3720302210297,111
233.9614442724457,83
281.70081207157483,73
250.18199806052283,351
253.37955723543487,232
270.4661625216588,89
256.74839034758105,101
273.91404341957644,83
-412.42166615872094,94
303.1728115187623,221
269.1696033819335,169
62.151730784482766,346
285.0099864628995,203
299.712763184443,68
202.9358372422787,97
279.5378537454779,87
212.53268089889627,242
242.1850513552728,305
233.8974806930032,410
264.3732221429444,137
223.46855999333582,144
264.84671419543224,57
265.0585379421435,349
270.13667673997645,310
236.8081455668392,96
224.86667291896254,112
259.78071625523484,113
221.50231819846286,359
265.94610587075704,345
247.2905507967851,425
232.8461800006181,184
252.92413132946967,307
249.1145821902935,102
218.05534481371106,287
273.6523748366312,268
270.4453238010585,323
289.3720040687223,185
254.08101897020367,415
74.89529751449658,268
285.6461875921815,250
248.52933748811427,73
296.0758486803616,168
242.74938387138982,268
273.3755830295105,358
279.5875230239045,279
248.25721990479258,264
290.69275109982874,386
300.53630093640083,346
257.638899469733,227
272.08072014332777,338
253.5156920180228,413
248.4387326913507,396
268.1547148546754,470
267.20126298496416,329
282.35585337441785,348
273.57001714038535,493
309.03724809262405,415
275.6540036074947,344
278.92951556145874,324
272.62554352608606,311
127.96440706054788,344
294.0857848370734,293
261.3481216662328,345
245.42043974892147,318
38.42017291368626,487
282.83539331702207,320
302.35246299048646,263
265.34911640060284,373
261.5616215289171,359
256.4166039178742,418
277.4879894794814,346
265.20469098648596,444
274.2433918081131,336
35.130649650923885,318
272.46009977709343,315
260.1125447142701,314
259.78212721546004,401
288.85584546469573,278
265.71017414132376,321
277.8689723298887,321
304.23289800134916,330
280.8027807505208,300
282.5831349041315,334
86.86621302053541,240
170.57120355217023,268
267.9657432611169,380
291.0769981808504,276
170.76862590382692,305
247.90379953478998,262
70.44451726762213,338
43.38605751227354,247
258.6008702337022,376
262.5838344761528,262
273.89225098023087,249
73.83650274141527,324
29.080347557236422,302
292.2053007455704,234
-36.035130726381055,337
62.64687551967003,255
14.446126270676103,247
281.90195183854587,310
285.92976575123055,247
260.1775807267619,244
58.573153762387406,287
268.6338159404228,337
2.1521292530157865,333
15.071828174690097,375
252.30271079703837,244
-65.52289860818667,244
6.8075833746929675,316
14.407122589804942,362
-74.99009854898726,250
-67.83653400647981,280
264.6493322571629,354
27.59140359296751,267
-78.42067876679215,270
274.1199436217372,242
-62.04245144055811,329
-19.04672837778962,324
-117.08963182045483,327
-99.05345175401682,226
-52.192530477186125,243
-63.0488030643028,364
-35.76682362286971,296
-35.35681008136591,256
33.8334559685691,278
-37.4979121497643,255
270.8118683944831,291
-43.825867317968886,245
-45.04292048891713,261
32.8205913503038,271
-48.64424994035217,236
-88.75644528371615,253
-26.950692737741733,467
-34.56040160580639,257
21.33634845065157,276
-62.481091311838114,347
-44.68862282910458,225
-21.78921520513252,266
24.838169822560104,223
-90.2850377877149,257
-64.1535022177242,226
-49.94300109096898,238
-68.4764939765241,345
-21.30338490522969,274
-38.55265227516102,240
24.331265214686695,237
-17.711504123754537,260
0.30931447133258416,241
28.403577779412444,322
24.586274352370992,235
-80.21582803947062,270
51.99077346828142,224
155.6585082092374,278
12.936724251743414,306
-40.344377699250046,220
56.37674475086567,304
277.1135613727264,211
152.66301069342887,383
93.27409813129276,232
14.499697158396717,252
12.667824386359143,254
248.22505586764052,244
16.64892407976699,249
115.82893487218101,277
-68.43975210761506,224
73.00966644857137,290
65.55368910312085,345
85.52631632962726,214
-193.58168297770345,205
-421.04380979220315,248
-165.12710655981473,333
36.014155790835275,241
27.007277890263868,293
-211.36563312784628,200
-237.84963792502546,286
-454.5875638236656,298
52.84986574283867,273
59.0809580411415,244
-163.27239753332017,247
60.280744802981246,274
-253.81006432924391,200
90.7346043438029,265
114.54452732637003,242
-195.38873569660166,240
72.69514800255891,255
56.77282960837642,239
-252.88919507649572,322
44.323703862200944,299
47.91064469862187,218
27.95385951836052,232
-65.94594230914869,283
56.28391093594767,216
86.85447115084351,333
73.20165931428934,253
58.60421777910711,241
77.02756689462295,234
91.22462460218951,249
67.21577495834491,220
51.371967794346816,207
88.19174439909854,327
88.74729432058191,404
106.44378109402413,249
47.61876279576504,276
73.4965588553356,450
226.9813066623301,231
154.28867824792857,283
103.30145033245195,314
115.93552228936045,260
88.82661765054684,254
35.91404617127557,241
78.68716371872551,299
47.16464671177803,229
265.7599195588581,232
-35.43414241777879,272
-75.52227449364018,391
243.81415900290023,243
59.217774216371296,264
277.16690731242034,272
-228.42942695160352,368
294.8702133277412,299
227.21021269645962,269
299.19530284954243,226
225.58314689925646,225
-188.20094880912418,342
-141.14605507365644,245
-299.9361539075803,230
-140.57317633243764,231
-109.4413468511557,293
292.8631645437148,215
89.32490643713936,238
-137.61485986112433,269
270.29977907189226,223
295.579138709062,293
278.4498071631558,326
68.24660573366641,246
40.62642033456861,255
180.74012911249682,284
238.42953495568182,225
233.47761551164857,295
240.9188504552263,261
269.1528497907251,274
53.1205648492832,201
312.1296939374763,327
287.6596836673335,278
293.0846872376828,301
300.96260351295155,413
-45.77335995412626,334
-0.40118356795299803,207
265.66186145441645,465
304.53377291671393,245
313.81212071910943,205
269.82579050760296,231
237.49058895881686,221
110.19772360402023,200
279.89946278228354,264
296.7146277615321,234
46.696317961521785,297
251.335307781471,295
243.615048492511,290
229.72883222493306,265
291.6384046096721,209
303.0104234817782,281
274.6783650965938,235
305.583340130604,254
225.54250730049247,219
273.0132688081413,215
270.2313680322794,215
252.71564732560745,252
248.43609886729098,242
221.5662859302855,230
221.06830863912901,218
251.67985356716923,210
234.58008305285892,252
266.2880797281775,213
254.53366763296484,260
279.63219984484425,271
292.69487108766134,224
305.31753641105604,212
220.11670904929224,234
-195.89481802011562,255
242.52225018432705,233
228.09358303975213,279
249.57225508047296,295
259.65263094093683,228
242.10386076553456,213
253.19427401980857,287
239.4089569906627,267
289.2237113209022,246
112.51943572682039,219
236.10510247971317,243
244.2125445334309,232
239.29635595695234,248
234.20347444460884,207
265.43375038649907,317
281.0295356604331,224
281.99462290495325,285
274.55396188563077,212
269.98475975919564,281
267.78978208798947,212
236.80312575091372,277
258.16216747390735,332
261.5559102824975,249
256.14351364256197,254
287.20979577100235,400
276.7462674494969,250
260.29911183012297,271
252.84134281733415,234
265.04129252682816,238
262.0194054558141,272
235.650852762731,267
212.90482980640132,476
280.54532171302776,345
222.23846326938963,249
243.11920864524615,280
234.97843353553492,263
294.3670022650633,248
186.3363651961567,239
316.13544169277617,458
125.66311356440438,251
213.2104683006101,345
281.43937138390623,265
244.67876517943634,230
232.1459801899171,384
270.99688276738334,353
268.5662123431546,245
153.6373355769702,316
308.77948045438745,247
281.2411530986375,215
293.91568748617846,204
252.0764148771864,239
280.66279884853225,299
291.32968798116565,416
259.6132436890089,263
270.88009347292655,237
223.65161748789032,203
247.84904338465878,257
279.5550067060716,322
232.01985495605027,245
300.2668859615163,259
318.78182598531976,290
223.72317058923545,494
296.33133765329274,239
240.20691589241886,215
281.3956193613644,256
313.2535303017113,232
284.75158634834753,355
255.8457992722764,358
15.500436363988214,228
216.66018806155023,200
296.5899823787082,265
263.87917981428416,205
265.2099781649951,392
287.58600251906586,235
279.84702644300796,211
261.22552940659705,247
269.51661821083417,219
272.7666505144029,275
267.9773324162103,290
251.63984883590405,239
241.92402154563862,254
265.40764287654156,255
-63.0356193690598,225
224.30975002866302,199
285.1649810733985,262
123.09239371675515,254
-73.29733609569422,484
45.04691867237065,327
-20.455013805815312,216
236.6847903502067,232
299.65232067498937,250
226.29047181925074,280
133.29056379082718,249
-114.54778158440423,216
-33.964581496475446,271
-4.010788190921119,239
-260.94348150791814,210
-43.92389686776036,211
297.83560011322834,218
246.86418801059247,217
248.63095535758222,235
297.21308353599017,240
286.71436065086107,184
-279.83183366722517,287
277.00259129387166,216
15.825811400500456,235
-280.6754400984228,266
-173.04963195027898,222
144.2228216859444,301
275.7728440662208,287
259.7669363796769,241
11.50801907475973,209
-18.376159393153728,258
12.03095300668403,266
130.24589265810965,231
-28.121189929356476,210
146.90459727465796,224
223.19462781760512,201
33.67415712601894,213
240.94131271645992,252
132.04841944684824,180
238.87869712858074,207
-23.36390916196204,218
-39.414919664331215,269
-56.94823951446806,217
260.92304497964176,330
93.63704407707638,232
160.12886063914692,234
218.2405478337777,263
-41.338468588352214,210
-40.053188065793606,306
34.31475935420961,244
-173.79832565094756,190
236.45411149760477,374
246.76974232340174,226
-62.24019797435111,194
-39.762258829024006,266
-29.452847006779933,343
273.58175316453264,228
256.0998420857238,218
263.61414337883843,217
-43.59380681278242,150
267.7590740189464,187
-65.91475487830051,283
234.33226213186433,294
238.18705243031468,242
119.5398406988975,181
238.66174098579708,284
-26.440217486999003,239
213.1655506454094,265
267.0087657450089,184
244.2256235231309,220
-133.72192538164364,239
-47.67618896289311,209
226.03617314954556,428
252.21791699397053,212
225.9033173319816,218
258.97433017193794,182
227.9588867579173,369
280.6167607838439,190
-137.9575889936101,230
234.7188156844201,284
282.5720883988728,349
217.03466173258752,285
228.32388373902373,224
119.81296983762286,195
239.55829386250838,392
108.77435139683043,197
262.9566621447854,282
237.70658236495788,275
270.6517301089484,213
267.2008346480551,212
280.62372584024854,214
268.5621170493928,255
285.99049660133784,195
268.7089493481014,205
250.70350974182352,242
227.76076582622582,205
220.5131602975058,221
246.21444411955295,260
-157.6042794190544,196
272.96465464114306,237
153.09156084337758,217
246.12040575435276,219
224.96679528172484,203
264.77646424145644,184
255.23910799215264,214
284.63586975943065,193
140.809846504982,219
269.24465333113517,205
247.45707847180137,179
281.25079433167764,210
280.03947467317823,300
286.4543721432534,287
248.47679005582037,286
307.6812625343184,267
284.82370962250616,305
253.93312431078962,228
305.4575199007257,232
254.16955173080703,253
297.6879352822638,189
269.59111411828087,197
262.46394715769077,219
264.1102983705062,355
250.78923546638453,196
238.3646659627681,263
267.16268136415056,222
244.21713323858478,297
248.13127535205948,204
290.04640801563664,340
257.5682020213083,96
236.22132684878375,243
293.3472845960283,187
223.57457590199914,232
289.7820106442645,298
287.4889096339651,231
246.99491057563782,178
267.65163125662275,202
279.4256971629205,275
247.4133002925548,191
252.8700773748755,232
275.2262327351434,320
280.07555141298565,191
259.01700481021976,281
247.0101683338794,218
268.1109505870086,204
235.9465233776474,215
259.6325182039325,246
232.72003420945143,259
286.72467748402147,236
270.7101356376022,220
275.0789756167247,247
271.49783552797686,231
285.97308234091497,101
297.4468511309635,117
258.2798626632325,419
280.36397156376063,309
269.1106706995466,251
254.50699838039375,244
246.91345890617438,291
225.99912774207428,222
270.62161071878063,103
291.7548024493183,185
305.0938988074215,275
242.5584941605781,195
308.8028030257834,205
303.34709657570016,226
273.05600647355686,79
290.4881365182573,226
287.7705741983772,227
285.8261205142362,256
262.5570940590146,220
276.30319930880864,118
175.8573811861691,232
246.8533273169467,227
274.34007896288813,204
261.7362491768298,294
278.40243475091535,215
254.99532104452277,229
302.95567927044516,190
235.3332455632166,257
161.99523336546633,232
292.2259189653756,230
282.7775929430577,254
244.88232020752218,101
265.4474814299791,233
281.3796665170245,237
243.5494770577001,267
253.5673165619874,244
226.52452698545972,282
288.42764417126943,186
301.86701884890374,261
270.7759022778621,164
280.6450756653435,92
255.62088367758673,345
284.45500759599884,245
264.31901773536913,226
271.36403684882384,213
293.0300285241884,205
261.5419829530235,211
267.69032751581454,211
241.16794679841212,158
301.9866572424593,226
276.40154876012,98
269.7317410958749,195
235.78827448042188,72
264.4254228424778,212
249.59047272905093,210
276.60524938562367,237
256.9031177948108,407
298.5068178868627,224
268.2966166040825,115
282.7287933982359,128
269.00492086508484,133
284.4583740316084,296
273.6417285231948,207
271.98766841275835,293
271.191192915996,211
259.7189471855893,215
285.42882921357995,229
285.1765383408606,230
285.3332358861863,146
284.2751530713386,214
121.55756402910718,212
264.7299967909381,145
287.47747416725724,207
210.55368291666161,198
254.9400038276252,258
272.6832765866267,224
296.97026798694236,222
243.42633925573907,133
271.53480795541964,313
240.3146602721138,191
269.6115433398048,280
245.68424953998505,433
286.10806228996444,289
254.96494105787738,129
279.14144891344154,372
267.9721875650375,179
274.1265586136766,311
50.117487424451475,291
266.0561926651343,387
284.49410179410205,145
278.588095085605,298
-288.81214347276364,130
264.52957074358494,210
296.42172732092365,263
301.1722657007358,224
279.3438680216103,202
263.4352502669092,298
296.2376816903628,278
309.65837940120275,206
284.86747923383547,265
276.8890538762896,135
128.63334066782312,229
228.04803314688482,217
286.70356079780845,237
267.64436346506807,311
295.6562131430806,365
211.90769224753538,149
239.28058298372932,355
263.6994350611172,236
279.74186065697654,198
166.83535996415313,229
292.0508745049529,189
265.40969226679397,290
289.98879461678445,484
267.38514125947705,346
169.65664283879386,229
287.309596141525,215
269.5639082465031,262
286.5905240917139,267
253.54290759723875,284
251.81456061628148,219
265.7013697310108,249
140.96650076826455,232
265.0550611137301,329
112.34508460270045,254
309.6789791532233,291
256.72075876154634,199
260.6436719474309,212
163.97640270977396,230
270.3032542167631,246
309.484726558022,250
270.73525935083114,402
260.83700797436506,227
283.18298855650414,213
257.1163851462889,281
16.261226615654156,225
281.0870779069166,241
226.2522393603794,257
312.7770680982849,232
294.3302844191712,248
222.5144769678123,326
263.9072799223618,142
265.55965984203374,277
250.98739908344223,264
286.94938960080407,211
259.46427645186174,239
260.4630266972455,343
241.0697809703737,200
283.930822124966,207
280.9797547432505,228
284.1882042590446,329
286.81333002649427,299
235.99586182309125,306
289.90548211202895,244
252.1297324547729,254
268.76612112047803,307
259.30964268377545,236
227.30276231278827,193
282.88376016792233,443
263.3876140912122,232
273.5029047184968,381
246.36714613393642,206
290.6465016532447,239
253.82917466907162,299
261.01176913990287,274
255.27546560163444,239
285.1382687011835,325
276.3207214169588,243
265.91125985804075,226
290.45474971470867,282
302.46613401889834,215
314.0345075532424,256
257.1552130295039,202
256.69262560595877,199
285.5636387886516,250
273.69038904898525,322
271.15054326725965,213
267.02454818944415,247
306.6270954938541,222
274.7884169602583,247
303.7587749453064,197
288.66550767276055,221
280.300581032055,401
257.1300128741831,201
307.64842055019943,233
248.72798780163865,207
240.41301690021433,253
279.25085012703664,228
276.0139728514829,228
283.3513511379261,269
281.36026714612615,270
277.0131880076232,246
291.138089636198,225
266.5673316177687,206
268.81241400874535,217
253.16790009295488,250
285.1673591204601,483
292.3567155843572,193
299.98383178186043,251
264.3951639625807,197
300.08315231075994,284
305.28601440588636,242
294.15903114486815,280
263.8455153004294,217
258.5878722122947,227
258.7536283833159,252
250.10088190156821,233
292.9111231156493,346
253.51854198884183,201
253.02121201395178,223
259.4431715857442,301
287.059613097323,192
286.5560656119455,192
261.7334624480568,210
254.05593343551607,222
293.37669169177866,120
284.41483855674045,222
309.4628316572126,163
297.58065632009186,220
170.67459138994235,226
261.39769490545876,148
244.6562358807426,351
257.667555928825,263
291.0905639109922,346
277.6186175525747,188
285.2773827011604,89
152.89194723526205,185
119.091899189608,328
167.91735577381678,136
248.19950117949617,425
298.2576257993296,227
136.45155564085258,319
117.59871156635421,241
289.61583051920104,245
258.9968695060926,428
247.06077170088832,250
138.23025497293,203
264.50737445003585,286
7.354270519330322,226
261.6951277032718,183
291.8925481504301,212
268.92249244253,227
276.40214853498776,291
275.8170651303452,308
295.3626955703594,325
291.4304515604788,204
285.1969824585545,348
276.1908049615814,304
259.9899038059616,218
165.85836746518297,276
261.3254671158983,90
296.4876376241989,139
259.21980089345607,287
267.9764084758672,88
268.38512411412665,127
299.52509771359973,245
278.3868854800535,94
299.1361952841827,123
275.0880635322192,326
286.4085219867731,260
269.9428192687982,149
282.84621897886876,324
281.6337179893102,266
264.0703567687112,495
275.81775186098116,260
273.76899458839114,302
250.76176807295008,238
306.41097159298545,212
216.5275833218601,465
283.9984646893174,262
247.0338072529377,230
290.03825296743094,202
257.74109823981433,271
294.5007929547889,398
283.4664752946859,328
268.4512095497453,321
292.7049157918257,213
302.85468322124416,193
263.60142836261684,250
278.3783999481022,273
292.6895169756805,201
254.0901612286723,209
260.8219574629567,221
273.45223584620055,271
272.32550282529706,237
310.32882775007147,305
256.3776168920157,269
275.22228598736945,206
274.6190067400855,275
286.7354185308325,270
312.8440741913426,254
317.1811401153699,322
273.2153551902512,246
257.572134108628,233
295.17126733095927,248
300.9319391602942,339
288.57833633050564,260
301.5064526765594,228
303.1897456288316,268
274.42426876257105,281
307.876208400866,224
301.3537749926972,278
274.16759657850304,248
312.4506084582366,267
271.8421243599695,295
283.6331408376657,225
296.97215449918815,188
245.03042377029863,226
290.4211862160049,289
240.89276757440607,247
276.496151157727,238
297.7140575960707,218
297.45590817637986,316
274.67093031864135,230
278.7804473910632,285
247.05846202648203,252
272.2898817326336,286
255.49197331837058,283
280.2819676367798,245
278.1477929038573,361
277.0734214344295,245
258.28254415087224,215
281.0328780493773,257
-146.05399942185176,292
280.64109104128573,200
276.7583996641189,211
299.785933637673,207
293.7153661769107,284
279.4461615830883,248
265.57074031684215,97
249.54933273333282,225
278.872740123972,120
267.8219143579922,216
298.0326476897333,220
271.1120302686551,248
268.89680599595675,77
299.2478314224271,88
290.4491685728617,195
276.2263222281593,219
262.2271014054189,275
270.1660637290206,278
254.03195785614506,236
299.17870078079176,153
284.79139428998405,256
275.2432018075926,207
277.54625940455725,304
271.63710428645805,253
263.6169621622685,195
286.4758879039523,238
252.19923014293036,196
297.7164961144165,287
303.053315988494,221
260.05393305013666,215
238.60835920601298,263
276.5990846295564,206
301.01039416472645,272
280.43475151456,242
270.9997172974628,198
264.84174050207724,270
259.3234959579375,237
276.87506497290343,353
285.43937979510827,232
257.5682582306523,296
304.3170812917498,220
277.3175212564662,249
260.1570896451053,422
265.18866965457573,280
296.1002234203728,235
304.8697726092338,278
284.71784431338693,256
168.34990371780998,249
246.1788989525204,215
284.7339472055748,227
274.64705364822606,211
259.6466189535806,104
285.93582047368125,223
294.2982495509258,192
276.7160073854385,242
252.80824418252394,200
277.77745071107375,216
236.66478661755116,256
244.69428546882426,233
269.40190875582186,315
244.06721720233784,223
303.3190644041954,284
265.22621346960614,305
278.92255994196125,209
285.97000879344785,355
288.19506502590355,233
293.946935342318,255
281.46135356003964,236
276.9970168553911,191
296.12655859199947,206
7.649720457557706,234
314.4938426970076,263
294.9546638513473,247
260.52181532536895,346
299.22341401227,278
302.92511845473723,234
274.9856385942836,198
255.80392792903638,372
275.8558137965315,247
282.82620009584616,446
283.5307878401279,327
239.24936385183412,281
256.7039259970051,266
278.8147078903934,235
276.32096066096904,260
285.76033652572744,250
273.57495234921294,252
247.98062545410417,224
285.22548764000226,235
293.9203811553808,219
263.1450718297484,79
273.7282112998514,252
293.56516834220054,89
37.18305627388537,216
-39.30255642126845,107
238.55130004592883,295
301.81175997461276,201
285.10054058040646,301
277.01554762394215,228
268.4703974236909,180
275.9224255116369,250
-56.769618984890094,380
259.2422379008192,319
192.2255378711667,229
244.8267850877603,300
254.55782311447882,222
255.8991239269561,229
272.286604337378,265
-29.566696651002857,234
268.72004677132236,230
280.45553086032055,232
291.2393721149598,227
312.90045406438486,199
-256.87981360531523,425
243.2644525534196,211
304.8129293801977,233
261.04356224604953,270
271.28273134444294,280
274.21174885455497,272
294.9801241679031,250
266.4279485990667,246
279.90639575773355,248
245.10582956183856,228
278.2354983935209,238
265.713838365187,235
-92.00764491687639,178
295.39516267787667,210
235.45298071807824,296
271.64811823778655,365
285.27911654075,199
172.58974555033132,201
286.10286159378245,251
176.64051709789496,227
250.44328556223735,270
286.9306102660762,182
76.88539422490123,185
-16.527982711199613,254
88.13491329411248,254
292.0641534171963,218
262.8859873629649,264
293.84311090663914,260
239.13471987385802,181
300.1904684322866,190
252.17189677413631,366
285.10354386873416,193
58.73097029562567,219
307.8514538205518,267
119.03526999791718,214
38.27421230435604,218
253.15348558307375,249
-22.024404830957636,258
279.0885411962498,220
257.2660497761791,212
260.61297175591255,239
260.9728510781614,208
244.83986002491974,255
-24.647536626423374,263
-345.52005844673135,233
-463.70232093301564,254
254.193922103814,233
270.22885374553755,265
273.82994961786574,344
290.2592721770057,189
290.1031000870945,213
250.9082583753327,257
258.08950804973324,189
13.477202760502053,215
254.55088886090078,192
231.83417243168165,245
32.57565153511911,190
139.97863391829935,226
254.95089967328903,234
283.36614715271554,223
280.7929356321614,231
295.1948742035444,270
297.73081086122704,222
5.128219023131493,224
220.7883135056349,440
126.43696910456607,211
232.24002511751215,188
270.1858027656248,326
206.67235763323072,245
268.33078323312884,404
254.51597778304125,223
13.621719928913649,228
255.13605809131286,314
285.3536382133586,209
268.49151162838984,215
143.73635209667808,205
73.4849483548618,200
284.0855907533331,201
267.965264473719,201
-0.8914387339307126,315
305.8649085190913,223
-13.634474497533958,247
256.39611628794194,296
262.41254700443335,221
237.25664639268274,241
265.7469401817672,275
284.0498480535906,212
92.91418049885108,216
288.45277233970285,271
243.493599224562,243
238.49610891029803,305
43.66086280329654,325
255.9213064215168,240
251.478901516648,222
288.64930521242377,212
135.44673954343457,249
252.9039856843604,225
205.88818280679357,214
27.08572383720154,289
263.7815512938565,336
152.62785585702068,143
234.73380337333396,185
273.97016320435426,251
240.82053893158974,233
294.5199104094685,191
249.56626902710514,327
294.9126182476996,87
285.52723604082206,294
278.3371754942694,213
253.72813153486905,230
286.47471937431766,286
297.8756842429243,247
282.2689353877531,207
287.2842701912652,219
247.17850308726,251
253.87026805904338,216
241.91292558447591,220
282.6843098942628,304
245.68862195199253,195
285.34464697975227,214
277.8412676220066,316
254.04479715428582,356
265.26083752616506,193
229.78632909165464,326
283.81126461262096,192
286.59653184225124,241
288.43950330540156,219
295.56119447074775,133
281.71549234390153,212
279.7624082659114,257
292.09994293904424,253
286.7456681954915,239
265.6158992647559,306
275.0349175893211,256
20.989257103549704,225
241.44489406097938,208
251.64961640135056,249
269.0734128367853,287
253.90516987569762,213
238.91365092858973,247
267.4969971074586,237
292.51663295948833,214
293.6413477124139,359
257.43131177677844,195
255.1205379304124,257
242.77820335158535,188
250.61878805508198,194
272.70372868642323,230
267.250373597234,260
259.0394386532794,199
121.39827982262061,199
275.7997898809898,223
300.05015798753357,232
270.6495385602674,203
265.08981049857334,215
262.61380425465416,261
294.5927744225919,204
260.5154302189968,200
266.4914500204419,185
236.82248284171442,252
272.11612047949245,270
290.30868962274343,353
321.6067230084856,237
246.51624934132943,203
245.54888944018234,243
288.9634601782226,366
279.44980545366207,108
279.79486701926726,204
262.24579944551056,213
279.95023224493013,200
290.3356479523799,244
274.75162707763246,207
252.0959889600984,148
236.01955825171308,209
278.61297934040283,240
281.11216131837466,438
280.9264782456993,224
261.6573398352798,192
234.84107595918812,247
270.32421891782917,242
283.3432788243963,65
258.2945863848314,378
297.1013555939218,195
306.5852838869676,236
293.5327542258425,234
176.89273981161023,177
296.2168950919306,228
254.58477268886554,306
238.1895742044555,467
289.5423557594856,188
243.27307760467488,211
291.5314254789612,181
256.2821622737041,233
297.8528087720315,216
264.50797500756335,288
272.7379690911033,207
282.9163169519418,248
273.5154651633294,352
278.06164997913015,180
273.64399098357694,262
258.93554127500573,225
296.89889058028336,332
289.9305410226947,228
273.4288825310549,191
244.659118218096,189
270.0168615720862,294
265.11797439988817,239
260.0766835817849,203
251.87093452589477,296
294.81829546103654,222
-392.71408530879086,228
260.2873482845702,229
-232.8509134707242,227
303.7596920571407,233
259.9373294411835,279
56.5824486895433,183
307.86203475917324,93
288.45598357865845,188
227.52393240687232,217
297.9329395085044,207
-414.00652857734696,224
290.0792548989742,288
-58.230100460655684,237
265.14836186467863,227
-2.8772125875959205,435
156.31387269972032,221
228.47299427641943,222
168.55454997343634,252
283.93719546814134,214
305.3196680982549,282
164.39772791382623,221
240.94555951854326,216
268.60524101296164,230
141.89224186826524,268
296.0512915454576,214
265.47765056258334,296
235.4264034644567,218
123.98483882950578,243
235.12244715975459,260
283.88878913891244,468
301.7770224011809,191
232.67957129202418,187
247.26710882471866,224
93.65384201046624,264
227.45217905489872,203
114.34405584865011,212
196.77601018230348,232
244.15242984568283,182
276.0524013308109,244
175.1578356395616,211
244.26750195110196,215
293.08011477082164,210
224.88458399718877,248
72.6024284240266,195
-44.73782264210783,215
101.06617701952756,191
-156.6941606601742,194
229.01617933804658,309
22.376448271693704,226
-15.461884787690835,312
237.65890192765946,238
-136.64498205828482,187
3.380292608165732,225
227.8173474548236,203
260.2715782538002,218
-184.91746700372815,279
269.9506913737868,283
249.45215045367988,353
242.14302897051834,179
250.85112420600444,209
249.21223603234046,343
112.35383927312068,237
276.58810237063574,435
266.05418682666686,219
214.87962861225196,285
292.6940125781484,195
245.32742942767362,211
265.46873571030994,379
260.5758449443617,199
279.659796693345,207
277.6765083639532,205
294.8658392933984,191
40.39558338312105,217
261.9602962223602,179
255.0283523976739,237
263.4774659770053,385
263.5201918958022,184
261.4378513552953,221
279.0352943914533,236
262.3422314481467,207
242.7460917808465,210
302.8766502709957,237
246.26791827878031,321
249.99379662031936,249
265.4145598768649,187
250.6098862892403,98
286.36358005534345,335
292.4104660225605,145
253.21929317285586,264
273.2769201021785,475
246.25468610489548,384
289.3703669380385,218
264.82100778239703,244
242.11325251567095,101
259.04334133081505,245
280.8779355163109,238
285.33179896821423,248
307.96837368409604,307
297.58577832004033,207
254.03225870488066,264
260.98148358414085,244
246.89623858027224,87
260.718043619057,157
304.26719517809136,145
301.4965678018846,172
262.05816138297223,266
253.42086988404543,129
266.9531302209069,183
300.62808889120936,184
272.73246287012205,273
266.42862026202044,155
309.63618550462184,154
264.4211256426479,236
257.0100158714961,356
267.7706282698963,365
267.265649198432,232
291.3889923262001,149
251.90498455947136,206
274.4068985765361,244
297.59207019678036,146
264.91176071689347,187
315.4244837670183,180
296.2933184685811,155
292.1536613419127,235
254.77678821275993,213
-267.6509598694512,266
302.46802688810794,225
22.193794528862526,243
238.93445916056123,405
273.57607339300995,225
264.7503270114826,269
-139.78134089692315,400
-554.6934586686236,283
273.2720864336776,269
292.5036784197815,184
265.27027507504744,248
288.2567550311218,240
261.6815125648904,266
-100.69429044160603,205
270.7171122887514,240
225.9045828097602,221
264.00634057820935,378
271.41165351399803,243
289.9385251286947,243
80.47374375108558,269
258.7376854347782,274
264.23451319594324,249
234.30738922018705,257
282.5531310912933,244
224.86315216735255,220
270.2448036437816,287
295.8434030823062,261
273.28894880706684,256
256.40540877964605,236
286.40284475334,225
287.4883222914829,234
279.1787761756209,300
267.5633687561735,243
286.0202879747899,235
267.49386714178667,207
240.5227443568236,243
244.69973025577116,222
218.41041480456366,264
298.6586560749843,322
253.74438279952957,190
112.33455459814807,215
279.88199586719384,207
269.38885657260477,229
283.16230105460414,189
234.3657780818897,253
292.4584388350281,186
225.84479573594086,212
-433.98988361347403,206
255.76664202525902,238
263.4157876156405,227
265.8576958622808,307
264.3911765456105,253
266.82503750889447,245
280.3055343760243,184
116.00711369236362,206
261.63384010339803,250
270.2525387755408,252
302.5871829129625,289
293.0483668922297,202
275.60249265235507,399
237.85957930376293,228
301.9220674915178,238
274.73084378127123,202
292.68884040273304,219
276.02960565925594,243
274.9335153306855,194
254.40135345713685,240
259.29039442404957,241
275.43353834811205,229
292.38711243958244,308
280.89756594784797,208
267.9485113509423,216
234.21568147795884,193
220.26879177011415,194
232.44505846955258,184
240.56910720330637,441
264.06857775871106,415
245.91911278292375,192
152.61056885918666,154
267.0213241203826,202
243.14010251542368,215
296.7609778794216,209
290.40832856333293,214
275.4314362820876,219
190.74133185895062,212
279.4533908918761,231
148.57767106699876,212
244.2221962534279,195
148.03214867828018,262
154.65985044893455,193
263.16800532721345,201
143.1130965286102,197
300.0246685904216,132
-19.90835164659198,223
273.77918193230994,125
-3.345410787333023,209
254.7210298878408,232
24.993921618058764,228
277.6505377876978,88
249.30757020804734,127
298.750667808575,85
279.03657106702116,257
314.99037194033815,209
307.0695625712141,103
238.00553679299634,254
274.0818126133194,250
304.73904273644337,256
296.43839060934204,267
296.1606479943292,159
304.0100148465484,218
289.038682667075,269
285.49834013619886,248
268.5459216399747,196
250.39051643917855,273
265.91186929786375,260
287.9502295509715,145
268.97275486799265,366
290.26980843752403,360
307.80957723338395,257
307.7716660411205,216
310.2330006065404,219
145.15224355959427,207
300.5754665024028,197
299.90695631887854,232
287.75327447430504,224
280.61383928581216,240
246.66343894589883,215
152.38414687773016,213
295.5270702237468,191
311.45592962710515,148
-4.1131515783566215,326
304.28727458237984,285
274.0885970206484,253
250.53173554490195,323
285.9055491848132,187
278.14858531875143,406
273.9941919037699,154
270.72553754000296,201
272.22081406732826,295
150.4344478427756,288
133.58937693591116,246
241.76485146009315,241
237.35058846369034,179
242.54593097885746,197
302.06974735356414,291
309.5863847213663,202
313.1831368298176,211
285.9349168440941,207
253.50387371701999,206
286.91895368208833,244
235.2279635194571,177
280.48695335106106,215
246.6792052963735,141
278.55946916058906,195
286.5591918026786,245
151.16043563245512,250
292.9650770314563,232
285.86506798231255,393
304.35195003038734,244
251.04091487435403,329
275.85169854155936,231
299.465567434843,249
248.9058931427099,233
255.55395233275036,418
293.840268296849,228
-179.39854094800216,264
263.824514925079,304
262.0521732052159,250
273.3311587375065,211
286.08937898990126,257
237.2012876728157,237
264.3766794751337,309
293.0910461821459,268
264.5847436070909,252
241.89188035032575,232
166.69307987608167,231
241.99078458608605,174
311.6450536052421,210
294.9338416397217,211
257.85150291010893,252
309.8249267725131,194
275.4551356628932,271
280.41155873177297,451
299.31201514301574,226
264.5764621075625,228
279.02479095434785,214
288.88618911555034,244
297.79668502361517,276
225.5242286561799,219
260.32878251906607,247
246.05277553382984,189
256.969521310489,286
300.92779358451213,243
259.39480774749927,264
235.69934020192528,221
287.83618367002686,308
284.012634639427,290
263.17093613827694,251
262.5315937597071,216
296.88952178442406,204
250.43592911810427,273
241.1920490906055,234
263.0392326697214,239
242.373708643596,269
279.73480962535444,243
314.0597419154013,272
286.37197735669577,288
284.90367857845786,149
296.555586355787,247
254.52572678336597,210
289.0631921192295,278
151.26052617630978,215
265.0283501527332,207
288.45155055089106,118
275.68679304697366,284
291.42656409456197,277
247.1121098222405,224
270.9517285964542,226
296.11558097989774,239
309.9673441420017,225
251.93280015471967,168
250.93531903441638,241
307.706910563125,286
13.184190747731847,228
0.147149688377624,315
284.7756372023774,326
291.229359929722,490
279.0661207740404,206
228.33482515613738,204
43.457819470508895,238
317.127732958435,200
303.86340649889405,212
289.43152651821026,211
288.4605218896724,293
283.0661655116191,256
266.7646643834694,252
279.5012792205804,203
272.3037941106536,254
297.5633824660172,199
235.67380738555806,251
274.148681670054,181
252.96252307140733,227
294.55574306246876,207
257.3100909721289,332
244.0057693456147,243
138.89978273461412,162
274.286056117798,214
272.65134054563043,118
254.23273285073478,230
275.83736541205155,192
248.9797016408447,194
39.63755192107146,167
272.9294629269108,289
280.48472334822054,214
244.92670739690746,351
148.72663201858737,219
259.34498601312464,388
292.75178664579437,245
265.6624015052521,210
246.46568688885117,197
311.9971469354708,199
279.40271577852377,225
275.6191880676083,254
261.4734564678797,177
287.7349732949728,197
276.63490666185606,195
293.36902993848264,198
294.04225155859626,201
231.93494194700358,192
281.3794382116952,204
252.17296755371038,266
293.7354103573449,170
241.94510055042747,223
262.57481228184236,207
175.7626057974679,254
288.1186690674964,221
265.9152707025913,210
269.53912672944233,206
294.6257300878459,141
281.64281842009177,172
300.57498082981044,439
278.2202911061758,208
297.85351716547007,339
259.0966867149222,204
233.55673368725456,210
309.1851717264483,177
280.423331920664,240
276.4426455785748,223
299.5639517123536,228
272.5267259076195,217
298.85592152960623,108
292.86156588983465,200
-258.48314555203694,265
268.3584588012561,198
247.1868189285835,261
247.51795655210427,193
310.91541514665755,189
289.4566093464441,207
38.757576210216115,231
276.4255574857757,267
306.2720848274755,186
240.05214391484,241
280.4667027031371,199
286.9370174861681,245
263.7453576777416,218
307.41850788386444,156
-283.38563966169943,216
234.06734753311454,227
275.1272897890225,283
258.0394600128234,250
258.27557618259596,218
304.4311471272465,251
284.5685370386717,219
154.99216679427835,246
121.9967353350373,461
284.5368172444596,208
217.95346484632785,214
302.346126632514,200
266.56371491274274,174
271.27539651214045,260
241.52406861509894,267
128.48773630405833,212
287.44711951408635,344
297.9090911648849,185
248.8411137220424,301
286.2251098834908,170
302.1581766891935,188
241.79951315547007,234
302.15110191747925,282
274.3027607027731,337
291.3858248827891,224
302.4723243734974,244
288.397430022075,283
262.41279502123155,249
256.54557567549676,237
259.80766401461585,233
264.2330615920298,204
263.3213982526355,245
281.2815837787452,261
276.1519675456638,223
266.6932166212665
271.4092188746371
296.3485154272719
306.11557115783523
277.5124435141563
-0.19736922272994661
262.1763573435519
285.20256775332007
242.85818701091011
293.52627458841937
242.44682738569804
273.982943115869
181.86640440631984
247.97780311038272
259.88037020158947
282.9762415052905
257.9328122690181
231.48182563712055
251.97344129599486
299.8357286127243
243.84945859401154
304.8575643713864
315.4962362825093
241.9404040145511
257.34422509459614
307.9522186697521
281.30044965079503
302.92948870348584
266.24667615141436
266.4497338272749
236.2059815285512
269.1499052666262
291.1245502396341
304.8552323754122
279.0055999111196
267.2308637219967
297.0812727180648
272.34837028346004
262.72067303643377
279.8155790475118
284.7309544614769
279.3826472462015
305.4871052929806
252.22630625140286
285.2430280478603
279.48628910289403
252.9492442639839
284.4718277097901
270.963985995641
264.42998550859573
303.94707395144405
279.31123449390265
284.7458540248654
311.0929186714874
232.36508869649487
269.40078152953174
267.22059822739345
280.47870398908276
262.3440723519526
276.006747235213
279.03773434965194
202.4123067991811
244.2670179243125
266.3083369462098
292.5679758413093
164.7183941912433
272.68525634550303
107.39396859432918
280.1705318843719
266.9503631350019
304.14734815147824
141.31089492051893
96.00927637032288
256.7284555116704
271.52333863748794
277.94007868521953
246.98869261126103
280.6152678936503
297.95698255209976
279.2099357070373
299.91603754930964
282.556703704867
289.14459637854895
303.85371184759174
291.312833967521
288.98112033819723
287.0498842691163
263.04094555768563
229.79532874901588
253.91482368219027
37.999593056184835
263.54196843356146
32.1487372455388
282.3246624751477
245.94579967623932
230.58003798515082
279.63765438000706
293.87321150656635
-126.80767952541328
278.89085172844614
308.9174001276802
279.63662815239667
281.60520451916
302.4843868347349
272.6513617146436
275.0809306949151
35.35010603172603
43.86414587968045
54.57680450719428
278.0598671622613
275.36417900008905
40.409312007007685
246.08711056697896
274.6612483905543
303.5335975448585
-23.985096798805102
46.05029573192226
309.53175158377144
281.16676830345386
293.1440079355084
242.6569384682116
-1.9107923280774202
181.91206927965024
275.2695748948544
279.9822420125029
-0.14722679851604425
268.47585532248894
14.418758054078495
12.083742828390996
261.5200442334394
-119.45498933450882
284.7684737514701
307.3660961381426
245.9198161573595
303.1522352902943
257.9109805239726
236.51635147864354
261.61290531736324
268.9995961778337
306.669657485038
-0.1911570724835343
267.93406772821686
253.84018006879887
272.50212407933043
278.89941272702333
286.0838465039835
304.037460522993
243.43431393379126
281.6794420576724
277.17197919162595
278.5295506555651
303.52684142790145
278.65414810539767
272.553911517874
269.94231663203453
274.5477948530034
299.90035249121377
290.05158608703454
245.38493254303978
293.1259913715375
277.4676734382183
258.57204552400026
250.95597782384587
239.81347991783375
263.6269828651807
283.1218642875392
228.49508051135444
265.5457486762798
265.17958010133873
278.3960554173266
241.032809385173
260.1976581861784
286.01819851507383
258.8033109695482
278.01214461627586
256.2028130564889
290.1414015281372
296.96514937687994
275.8908976087472
251.49938875543856
258.4313462194042
276.5954548882336
268.3736776493024
285.3402931074578
250.10700403040403
274.17127194487523
282.55903167697255
309.9405354755622
274.9213765323874
273.252301419317
254.20555563668546
243.47781781816644
273.28414480051833
279.02215624312316
279.056457389932
156.53655328975935
280.3701129103415
275.60331397836865
311.2893180654176
297.72576815705077
266.9886625622173
310.607248636712
264.66960632520386
231.72530019931483
280.14503285168894
153.59550603596918
260.7590734159252
164.29958018135645
266.34564477973277
267.2016504031003
269.0817723715595
246.0195661672191
-165.3990578846434
123.46639983999529
297.7490423448676
266.4593529294958
261.6236135589338
286.55060962863297
271.49715087726946
277.37867851503404
320.4238973598261
286.56516924714356
274.8962801700022
146.98010574565146
182.9485143229464
286.1459902420897
299.47279729980653
252.78261632293942
283.258247189825
1.7592677967902688
308.3258963066355
-17.347324006029226
286.5828818689193
277.9105495518054
295.3520955359519
-157.58808873570493
26.30626460549132
-481.4869947726509
248.82743825952784
259.30985314731487
22.405836703450063
250.7388302064915
272.89076885638815
260.51863316161564
264.74713945590395
58.7603362521171
306.25817361984446
290.66143347377
268.92557949433143
250.29624194313828
275.75112613465717
276.4657165469718
51.42677353262252
293.0463290860679
284.9223265391882
284.06578948618835
301.44749881391203
285.0123497251326
242.35927089408582
243.0865073032224
286.00827554519924
281.21123556101634
240.11130773446277
289.2564554045804
283.444546744686
271.9506959222199
45.197259221097966
277.4830625829565
258.79752929326594
289.624613701878
256.5811182623224
298.6219779739334
273.7086810505302
64.00788894501889
275.06307914186044
170.1565412475981
262.8049910356648
310.78564559054263
275.4662180128968
249.9973651815015
248.3266987426617
296.8705533872884
242.5558082342472
282.137574695574
234.08808426419807
267.04289341680317
67.92867082297556
256.4050728221164
310.00755748365737
279.9311731816738
266.67703782817307
26.165733707513354
261.14084443402487
269.94736130454544
242.3718010627249
257.9155164288526
246.78164383164466
240.77259902567903
290.0824628455125
266.15856521441845
287.8011146795273
172.93437582204447
157.87237151313545
184.77070517012748
270.78025161057883
280.5036176072249
275.4920057182615
286.9543959253884
284.3079287600025
271.6892932771537
285.00321018855266
243.17603823203154
277.27347818289843
251.74006534327754
285.9036998873538
285.13409751869267
233.8474901287759
268.06427225736263
53.19932271425492
263.48568442292117
294.4458368508824
269.9915626492159
264.4188928673773
-135.33648350412312
211.760429905403
272.25104674123804
254.58196004864632
251.75481824431716
295.01471099680487
250.75571929232757
269.04939943531815
230.5601961024654
-281.2376421051066
273.6442440611676
294.8053629339837
214.66260180539928
286.90016079631107
269.6128568929574
282.990008373731
278.4830553959239
270.6415842476637
290.56416141953554
242.0475466270333
239.11982873560567
268.97377291449527
274.35457325737275
260.84610207993865
299.6442327669631
282.587074922492
36.161221314594655
295.1411101520492
302.97264739376044
257.78212237264154
134.14097991782745
259.9745136785599
261.8381545037766
-53.87755558644771
245.28136839849066
285.6431400092321
270.5074588584588
265.3596751398386
228.18800230446703
226.06345293573685
39.032045055442154
267.40119022665374
231.47781237936204
258.7307140640568
181.37356409075983
287.46541995902123
269.07038710189045
228.4364354886059
298.03276323923393
260.527371915618
291.95613713061874
244.2636125549639
273.8443073178885
264.46999823331066
277.7876650057845
254.38634069076085
251.87597941695293
269.6429901016858
268.86441443917636
291.8124693548795
264.6802924160884
277.08777950215904
291.5709541354277
304.27590644172875
290.8234493161863
292.5812264803308
40.55169967293983
297.60147869120533
-4.576114108887111
276.4964092061165
270.19894365849683
280.46012512702146
55.640727214200126
286.3469778979701
304.9446197548087
264.4318816135112
283.49474587895355
269.3220664366161
299.32114745376384
269.23215010646766
294.56582244568983
254.38605117531438
255.18725338740768
245.29222930939778
308.464716690741
269.20089960047227
308.05782476642844
268.37237834318955
297.72640581067645
285.3003275267998
294.3386376177991
135.1611837766423
282.1552643325921
284.0790437216317
299.1472263367766
181.74922078199563
253.108496630017
315.3510240359743
181.29849471267224
172.09112334158846
302.1313685839373
246.0362701028554
254.24733285988867
50.3533522721234
257.16650620017657
297.7063524081509
271.86583608875753
230.29947263552197
295.30807918869726
247.94365952903024
283.5989905962247
295.7599858520348
297.0426066530994
294.36007846532624
304.9603371412513
17.079639312322357
278.1977305202994
251.07384053578923
275.72992208544224
273.684564733269
295.461764787398
243.5891648151679
258.9624398508389
253.83586743628163
258.4745875074963
288.9779300328664
303.50334561025204
244.45240020372142
264.5245348403449
278.18535487742986
290.884204698259
271.05075735398594
256.8076409673545
269.79545285920085
175.31405089291985
288.7014214970427
283.4600495570308
301.02758847862395
277.9272716048563
278.14244300529606
302.57326160000764
285.93019998374575
293.36468654246806
304.39685784757785
241.80140856211386
188.16171889697358
317.32575436234885
207.3424868077818
273.17869661874454
239.19514257681413
283.31936495804234
172.30665806957637
291.8157944776375
288.73175354705114
288.59994695618116
245.67050407179178
270.26444493364363
272.9606653709419
274.1532654519301
316.7538378777945
273.01035840760585
282.2762727517535
278.7028205458538
279.3213428931115
185.30700111793476
284.11330103500666
309.4549290739607
266.9032226505807
294.9346886221331
289.9401671660897
